date,open,high,low,close,volume,ticker
2020-01-02 07:00:00,62.31,63.04,62.31,62.6,238600,VHM
2020-01-03 07:00:00,62.6,62.97,62.38,62.82,394470,VHM
2020-01-06 07:00:00,62.38,62.67,61.05,61.49,1025270,VHM
2020-01-07 07:00:00,61.2,62.53,61.2,61.79,590360,VHM
2020-01-08 07:00:00,61.2,61.57,59.73,60.83,553690,VHM
2020-01-09 07:00:00,61.49,61.72,61.13,61.42,421250,VHM
2020-01-10 07:00:00,61.42,62.6,60.98,62.31,699780,VHM
2020-01-13 07:00:00,62.53,64.0,62.31,63.63,882160,VHM
2020-01-14 07:00:00,63.56,64.0,63.49,63.63,361600,VHM
2020-01-15 07:00:00,63.78,63.78,63.26,63.63,420650,VHM
2020-01-16 07:00:00,63.71,63.71,63.34,63.49,441860,VHM
2020-01-17 07:00:00,63.56,64.81,63.41,63.41,552190,VHM
2020-01-20 07:00:00,63.41,63.71,63.19,63.41,711830,VHM
2020-01-21 07:00:00,63.41,64.52,63.41,64.52,653680,VHM
2020-01-22 07:00:00,64.44,65.99,64.37,65.92,673070,VHM
2020-01-30 07:00:00,64.3,64.74,63.26,64.44,1414000,VHM
2020-01-31 07:00:00,64.52,65.26,64.22,64.52,1284370,VHM
2020-02-03 07:00:00,61.35,63.34,60.46,62.82,755310,VHM
2020-02-04 07:00:00,62.82,63.78,62.67,63.19,829790,VHM
2020-02-05 07:00:00,64.0,64.0,62.97,63.41,2410370,VHM
2020-02-06 07:00:00,64.0,64.15,63.41,64.0,484420,VHM
2020-02-07 07:00:00,64.08,64.74,64.0,64.15,587610,VHM
2020-02-10 07:00:00,63.49,63.93,63.26,63.56,373600,VHM
2020-02-11 07:00:00,63.41,63.71,63.04,63.56,602090,VHM
2020-02-12 07:00:00,63.93,63.93,63.56,63.78,395320,VHM
2020-02-13 07:00:00,63.56,63.71,63.04,63.41,421050,VHM
2020-02-14 07:00:00,63.04,65.33,63.04,64.59,481520,VHM
2020-02-17 07:00:00,64.89,64.89,63.78,63.93,164600,VHM
2020-02-18 07:00:00,63.85,64.15,63.12,63.41,323870,VHM
2020-02-19 07:00:00,63.12,63.78,62.82,63.41,514110,VHM
2020-02-20 07:00:00,63.78,64.37,63.34,64.08,271380,VHM
2020-02-21 07:00:00,63.78,64.08,63.41,63.49,184170,VHM
2020-02-24 07:00:00,61.42,62.75,61.42,61.94,619380,VHM
2020-02-25 07:00:00,60.68,61.79,59.73,61.27,410300,VHM
2020-02-26 07:00:00,61.2,61.2,59.21,59.65,651880,VHM
2020-02-27 07:00:00,58.91,59.73,58.25,59.58,1280250,VHM
2020-02-28 07:00:00,57.88,59.28,57.88,59.28,860760,VHM
2020-03-02 07:00:00,58.32,59.43,58.25,59.36,447980,VHM
2020-03-03 07:00:00,59.36,59.8,59.14,59.36,742520,VHM
2020-03-04 07:00:00,58.32,59.36,58.18,59.36,901070,VHM
2020-03-05 07:00:00,59.06,60.09,59.06,59.73,361110,VHM
2020-03-06 07:00:00,58.99,59.65,58.25,59.65,339740,VHM
2020-03-09 07:00:00,57.96,57.96,55.52,55.52,973190,VHM
2020-03-10 07:00:00,52.35,56.41,52.35,56.41,1050110,VHM
2020-03-11 07:00:00,56.41,56.63,52.5,56.41,932900,VHM
2020-03-12 07:00:00,55.67,55.67,52.5,53.09,1161120,VHM
2020-03-13 07:00:00,49.4,53.09,49.4,53.09,1337180,VHM
2020-03-16 07:00:00,52.35,52.94,49.77,52.94,968810,VHM
2020-03-17 07:00:00,49.77,52.65,49.77,51.54,1095460,VHM
2020-03-18 07:00:00,51.39,51.84,49.77,51.25,1707750,VHM
2020-03-19 07:00:00,49.62,51.1,47.93,50.51,1482170,VHM
2020-03-20 07:00:00,50.51,50.51,47.04,47.04,1351550,VHM
2020-03-23 07:00:00,44.24,45.72,43.8,43.8,198200,VHM
2020-03-24 07:00:00,40.85,43.06,40.78,40.78,2036510,VHM
2020-03-25 07:00:00,42.03,43.58,39.82,43.58,1832290,VHM
2020-03-26 07:00:00,43.58,46.45,42.18,44.98,2020820,VHM
2020-03-27 07:00:00,44.24,45.27,43.13,44.24,710770,VHM
2020-03-30 07:00:00,41.14,42.03,41.14,41.14,929820,VHM
2020-03-31 07:00:00,41.14,42.69,38.34,40.55,661010,VHM
2020-04-01 07:00:00,39.23,42.25,39.23,40.41,553900,VHM
2020-04-03 07:00:00,41.44,42.55,40.7,42.55,940470,VHM
2020-04-06 07:00:00,44.24,45.49,43.21,45.49,534020,VHM
2020-04-07 07:00:00,48.3,48.67,45.79,48.67,902670,VHM
2020-04-08 07:00:00,47.56,51.61,47.19,51.61,950920,VHM
2020-04-09 07:00:00,51.61,52.28,50.73,50.88,854470,VHM
2020-04-10 07:00:00,50.51,51.02,49.4,49.48,513310,VHM
2020-04-13 07:00:00,50.14,51.25,49.48,49.62,449470,VHM
2020-04-14 07:00:00,50.14,50.8,49.03,50.14,642490,VHM
2020-04-15 07:00:00,50.43,50.88,49.77,49.99,533620,VHM
2020-04-16 07:00:00,49.84,50.29,49.25,49.77,670940,VHM
2020-04-17 07:00:00,49.77,51.02,49.77,50.51,734070,VHM
2020-04-20 07:00:00,51.17,51.17,50.14,50.51,512370,VHM
2020-04-21 07:00:00,50.14,50.36,48.74,50.14,1213590,VHM
2020-04-22 07:00:00,48.08,50.14,48.08,48.22,1303590,VHM
2020-04-23 07:00:00,49.4,49.7,48.37,49.11,1093030,VHM
2020-04-24 07:00:00,49.11,49.25,47.41,47.93,2147870,VHM
2020-04-27 07:00:00,48.3,49.33,47.19,47.56,1235530,VHM
2020-04-28 07:00:00,49.4,50.51,47.56,47.63,3631100,VHM
2020-04-29 07:00:00,46.9,47.93,46.67,46.9,2701200,VHM
2020-05-04 07:00:00,46.9,47.85,46.9,47.85,1577040,VHM
2020-05-05 07:00:00,47.71,48.3,46.75,46.9,2397120,VHM
2020-05-06 07:00:00,46.9,49.77,46.75,49.4,4286630,VHM
2020-05-07 07:00:00,49.77,50.14,48.81,49.84,1474450,VHM
2020-05-08 07:00:00,50.14,53.31,49.99,52.28,3635800,VHM
2020-05-11 07:00:00,54.2,54.49,52.2,54.2,2792640,VHM
2020-05-12 07:00:00,54.05,54.49,53.09,54.2,1769100,VHM
2020-05-13 07:00:00,53.53,53.83,52.28,52.65,3373310,VHM
2020-05-14 07:00:00,52.28,52.65,51.91,52.06,2268270,VHM
2020-05-15 07:00:00,52.35,53.09,51.98,52.79,1556450,VHM
2020-05-18 07:00:00,52.57,53.53,52.28,53.02,1656080,VHM
2020-05-19 07:00:00,53.83,55.08,53.31,53.97,3688710,VHM
2020-05-20 07:00:00,53.75,56.85,53.68,56.85,4298310,VHM
2020-05-21 07:00:00,57.14,57.88,56.63,57.51,2266430,VHM
2020-05-22 07:00:00,56.78,57.07,55.74,56.41,2154460,VHM
2020-05-25 07:00:00,56.33,57.88,55.15,56.63,4664450,VHM
2020-05-26 07:00:00,57.14,57.44,56.33,56.33,2996560,VHM
2020-05-27 07:00:00,56.41,57.22,55.01,55.08,3769070,VHM
2020-05-28 07:00:00,55.23,56.04,54.86,55.3,4347270,VHM
2020-05-29 07:00:00,55.74,56.85,55.67,56.48,3942120,VHM
2020-06-01 07:00:00,57.07,58.62,57.0,58.32,3254070,VHM
2020-06-02 07:00:00,58.32,58.4,57.29,57.37,2635920,VHM
2020-06-03 07:00:00,57.51,57.73,57.07,57.44,2655470,VHM
2020-06-04 07:00:00,57.51,58.03,56.78,57.14,3127800,VHM
2020-06-05 07:00:00,56.85,57.44,56.48,57.0,2191420,VHM
2020-06-08 07:00:00,57.51,58.03,57.14,57.37,2663380,VHM
2020-06-09 07:00:00,57.51,58.03,57.07,57.22,2837400,VHM
2020-06-10 07:00:00,57.22,57.37,56.7,57.14,3218980,VHM
2020-06-11 07:00:00,57.14,57.96,56.41,56.41,5714800,VHM
2020-06-12 07:00:00,54.2,55.74,54.2,55.3,3152190,VHM
2020-06-15 07:00:00,55.74,55.82,51.61,51.61,3356780,VHM
2020-06-16 07:00:00,53.68,55.23,53.16,55.23,3077090,VHM
2020-06-17 07:00:00,56.26,57.22,55.3,56.04,2173040,VHM
2020-06-18 07:00:00,55.74,56.55,55.6,56.41,1636400,VHM
2020-06-19 07:00:00,56.11,56.92,56.11,56.41,1688070,VHM
2020-06-22 07:00:00,57.0,57.81,56.7,57.73,2797780,VHM
2020-06-23 07:00:00,58.03,58.03,56.11,57.29,2146280,VHM
2020-06-24 07:00:00,57.29,57.96,55.67,55.82,2004540,VHM
2020-06-25 07:00:00,55.15,55.96,54.79,55.67,1241690,VHM
2020-06-26 07:00:00,56.04,56.48,55.3,55.74,753970,VHM
2020-06-29 07:00:00,55.3,55.3,53.97,54.56,1068990,VHM
2020-06-30 07:00:00,55.3,56.78,54.79,55.67,2302620,VHM
2020-07-01 07:00:00,55.52,56.78,55.52,56.7,936450,VHM
2020-07-02 07:00:00,56.78,57.07,56.33,56.7,893400,VHM
2020-07-03 07:00:00,56.78,57.37,56.7,57.37,1382270,VHM
2020-07-06 07:00:00,57.73,60.09,57.07,59.58,4330280,VHM
2020-07-07 07:00:00,59.73,60.39,59.36,59.58,1414070,VHM
2020-07-08 07:00:00,59.21,59.73,58.84,59.28,800360,VHM
2020-07-09 07:00:00,59.58,60.24,59.21,59.58,1220730,VHM
2020-07-10 07:00:00,59.36,59.5,58.25,58.55,1706520,VHM
2020-07-13 07:00:00,59.06,59.06,58.32,58.32,988800,VHM
2020-07-14 07:00:00,58.1,59.73,57.88,59.36,1461550,VHM
2020-07-15 07:00:00,59.95,61.2,59.58,59.8,2351560,VHM
2020-07-16 07:00:00,59.8,60.09,59.21,60.09,922350,VHM
2020-07-17 07:00:00,60.09,60.09,59.28,59.36,835720,VHM
2020-07-20 07:00:00,59.36,59.8,58.25,58.4,1361250,VHM
2020-07-21 07:00:00,58.47,58.62,57.14,58.1,2108040,VHM
2020-07-22 07:00:00,58.1,58.62,56.78,57.14,1707150,VHM
2020-07-23 07:00:00,57.14,58.1,57.14,58.1,882880,VHM
2020-07-24 07:00:00,57.51,58.1,54.93,56.04,2649390,VHM
2020-07-27 07:00:00,53.09,54.93,52.28,52.28,2662390,VHM
2020-07-28 07:00:00,52.5,55.89,52.5,55.89,2561800,VHM
2020-07-29 07:00:00,55.52,55.52,53.53,54.56,1809000,VHM
2020-07-30 07:00:00,54.56,56.92,54.56,56.48,1637120,VHM
2020-07-31 07:00:00,55.01,57.44,55.01,57.29,2417730,VHM
2020-08-03 07:00:00,56.78,58.1,56.63,57.88,1482350,VHM
2020-08-04 07:00:00,58.62,58.62,57.37,58.25,1382760,VHM
2020-08-05 07:00:00,58.25,58.77,57.37,58.69,1303680,VHM
2020-08-06 07:00:00,58.25,58.91,57.96,58.69,1072220,VHM
2020-08-07 07:00:00,58.77,58.99,57.96,58.69,1199110,VHM
2020-08-10 07:00:00,58.84,58.99,58.18,58.69,1688770,VHM
2020-08-11 07:00:00,58.91,58.91,57.96,58.55,905140,VHM
2020-08-12 07:00:00,58.69,58.69,57.81,58.55,1497320,VHM
2020-08-13 07:00:00,58.62,58.77,58.03,58.55,2025090,VHM
2020-08-14 07:00:00,58.18,59.65,58.18,58.77,1189750,VHM
2020-08-17 07:00:00,58.25,58.91,57.81,58.77,1107050,VHM
2020-08-18 07:00:00,58.77,58.77,57.96,58.69,1425980,VHM
2020-08-19 07:00:00,58.62,59.65,58.18,58.99,1155260,VHM
2020-08-20 07:00:00,58.99,60.61,58.84,58.99,2428430,VHM
2020-08-21 07:00:00,58.99,59.06,58.62,58.62,1074330,VHM
2020-08-24 07:00:00,58.99,59.43,58.77,58.99,1475240,VHM
2020-08-25 07:00:00,58.99,59.36,58.69,58.69,1907340,VHM
2020-08-26 07:00:00,58.69,59.21,58.47,58.62,2249680,VHM
2020-08-27 07:00:00,58.55,58.62,57.66,57.88,2357000,VHM
2020-08-28 07:00:00,58.25,58.32,57.73,57.96,1742840,VHM
2020-08-31 07:00:00,57.88,58.4,57.66,57.88,1682380,VHM
2020-09-01 07:00:00,57.73,58.18,57.14,58.03,1565620,VHM
2020-09-03 07:00:00,58.32,59.43,58.03,58.69,2913590,VHM
2020-09-04 07:00:00,58.4,59.21,58.1,58.99,2171010,VHM
2020-09-07 07:00:00,59.21,59.87,58.25,58.32,2013250,VHM
2020-09-08 07:00:00,58.4,58.69,57.66,57.88,1816120,VHM
2020-09-09 07:00:00,57.51,57.96,57.14,57.96,1956880,VHM
2020-09-10 07:00:00,58.25,59.43,57.37,57.59,4229990,VHM
2020-09-11 07:00:00,57.59,57.66,57.14,57.29,2344930,VHM
2020-09-14 07:00:00,57.29,57.73,57.14,57.14,1824670,VHM
2020-09-15 07:00:00,57.44,57.44,56.41,56.63,4717630,VHM
2020-09-16 07:00:00,56.48,57.29,56.48,56.92,1379550,VHM
2020-09-17 07:00:00,56.92,57.07,56.48,56.55,1809830,VHM
2020-09-18 07:00:00,56.78,56.92,56.55,56.7,1791160,VHM
2020-09-21 07:00:00,56.85,57.22,56.85,56.85,1677550,VHM
2020-09-22 07:00:00,56.85,56.92,56.41,56.63,1612500,VHM
2020-09-23 07:00:00,56.78,57.44,56.7,57.14,1398940,VHM
2020-09-24 07:00:00,57.14,57.81,56.85,56.85,1704250,VHM
2020-09-25 07:00:00,56.85,57.44,56.78,56.85,919900,VHM
2020-09-28 07:00:00,57.0,57.37,56.48,56.48,2015680,VHM
2020-09-29 07:00:00,56.55,56.7,55.37,55.52,3772160,VHM
2020-09-30 07:00:00,55.52,56.33,55.37,55.67,1677150,VHM
2020-10-01 07:00:00,56.26,56.92,56.11,56.85,1359510,VHM
2020-10-02 07:00:00,56.78,57.07,55.3,55.96,1730820,VHM
2020-10-05 07:00:00,56.04,56.7,55.96,56.04,1080840,VHM
2020-10-06 07:00:00,56.04,56.63,56.04,56.11,1505510,VHM
2020-10-07 07:00:00,56.11,57.07,56.11,56.63,2596060,VHM
2020-10-08 07:00:00,56.78,56.92,56.26,56.48,1043430,VHM
2020-10-09 07:00:00,56.48,57.07,56.41,56.78,1456580,VHM
2020-10-12 07:00:00,56.92,58.4,56.78,57.14,4265300,VHM
2020-10-13 07:00:00,57.44,57.96,57.22,57.59,1233860,VHM
2020-10-14 07:00:00,57.81,58.18,57.59,57.88,2030870,VHM
2020-10-15 07:00:00,58.03,58.32,57.14,57.14,2689830,VHM
2020-10-16 07:00:00,57.44,57.44,56.7,56.78,1811510,VHM
2020-10-19 07:00:00,56.63,56.78,56.04,56.11,2467450,VHM
2020-10-20 07:00:00,56.11,56.48,55.89,56.19,2257630,VHM
2020-10-21 07:00:00,56.33,57.29,56.19,56.33,1862630,VHM
2020-10-22 07:00:00,56.41,57.14,56.19,57.14,1591870,VHM
2020-10-23 07:00:00,57.51,58.91,57.37,58.62,5830890,VHM
2020-10-26 07:00:00,59.36,59.8,57.88,57.88,3668950,VHM
2020-10-27 07:00:00,58.25,58.4,57.22,57.22,2422480,VHM
2020-10-28 07:00:00,56.92,57.29,55.74,55.74,3139990,VHM
2020-10-29 07:00:00,55.67,56.55,55.6,56.19,2088330,VHM
2020-10-30 07:00:00,56.78,56.78,55.23,56.04,3013800,VHM
2020-11-02 07:00:00,56.04,56.26,55.6,55.96,1162890,VHM
2020-11-03 07:00:00,56.19,56.19,55.67,55.89,2067320,VHM
2020-11-04 07:00:00,56.04,56.41,55.82,55.96,1825770,VHM
2020-11-05 07:00:00,56.04,56.7,55.82,55.82,1779570,VHM
2020-11-06 07:00:00,55.82,56.04,55.74,55.82,1695290,VHM
2020-11-09 07:00:00,56.04,57.51,56.04,57.51,3746870,VHM
2020-11-10 07:00:00,58.03,58.25,57.07,57.07,3627750,VHM
2020-11-11 07:00:00,57.44,57.59,56.48,56.48,2717770,VHM
2020-11-12 07:00:00,56.48,57.14,56.48,56.92,1464300,VHM
2020-11-13 07:00:00,56.92,57.88,56.92,57.73,2425260,VHM
2020-11-16 07:00:00,57.96,58.4,56.04,56.48,4096110,VHM
2020-11-17 07:00:00,56.78,57.73,56.55,57.73,2250180,VHM
2020-11-18 07:00:00,57.66,57.66,57.0,57.0,2008090,VHM
2020-11-19 07:00:00,57.14,57.66,56.92,57.14,2451380,VHM
2020-11-20 07:00:00,57.51,58.1,57.22,57.88,2692820,VHM
2020-11-23 07:00:00,58.55,59.65,58.47,59.43,5107110,VHM
2020-11-24 07:00:00,59.73,61.79,59.43,61.79,5458900,VHM
2020-11-25 07:00:00,61.94,63.19,61.49,61.57,3544000,VHM
2020-11-26 07:00:00,61.13,61.35,60.54,60.98,2313600,VHM
2020-11-27 07:00:00,60.98,61.57,60.54,61.2,2024240,VHM
2020-11-30 07:00:00,61.57,62.16,60.61,60.91,3533370,VHM
2020-12-01 07:00:00,60.09,61.42,60.09,61.42,2597660,VHM
2020-12-02 07:00:00,61.35,63.26,61.35,62.82,4703540,VHM
2020-12-03 07:00:00,63.12,63.12,62.31,62.6,1673260,VHM
2020-12-04 07:00:00,62.67,62.82,62.01,62.6,2190950,VHM
2020-12-07 07:00:00,62.31,62.75,61.79,62.45,1479390,VHM
2020-12-08 07:00:00,62.6,63.19,62.16,62.23,1532530,VHM
2020-12-09 07:00:00,62.31,62.9,62.08,62.67,2136700,VHM
2020-12-10 07:00:00,62.97,63.19,61.64,61.64,2406160,VHM
2020-12-11 07:00:00,61.64,62.67,61.49,62.67,2406180,VHM
2020-12-14 07:00:00,62.97,64.15,62.67,64.15,2974170,VHM
2020-12-15 07:00:00,63.78,64.96,62.67,63.41,4050090,VHM
2020-12-16 07:00:00,63.41,63.85,63.04,63.56,1812470,VHM
2020-12-17 07:00:00,63.41,63.41,62.31,62.45,4870320,VHM
2020-12-18 07:00:00,62.45,63.41,62.38,62.9,3038890,VHM
2020-12-21 07:00:00,63.12,64.37,63.12,64.22,3322250,VHM
2020-12-22 07:00:00,64.3,64.81,63.71,64.08,2163130,VHM
2020-12-23 07:00:00,64.44,65.62,64.0,64.44,3220800,VHM
2020-12-24 07:00:00,64.89,64.96,62.31,63.63,2687430,VHM
2020-12-25 07:00:00,63.56,64.59,63.12,64.59,1584940,VHM
2020-12-28 07:00:00,65.26,65.33,63.93,64.67,1905670,VHM
2020-12-29 07:00:00,64.67,66.73,64.22,66.58,3451160,VHM
2020-12-30 07:00:00,66.8,67.84,66.36,66.51,2027680,VHM
2020-12-31 07:00:00,67.25,67.39,65.99,65.99,1272810,VHM
2021-01-04 07:00:00,67.1,68.5,66.29,67.84,3077500,VHM
2021-01-05 07:00:00,67.69,70.79,67.47,70.49,2853200,VHM
2021-01-06 07:00:00,71.23,71.23,69.46,69.9,2838200,VHM
2021-01-07 07:00:00,69.9,70.12,68.87,69.9,2926400,VHM
2021-01-08 07:00:00,70.42,71.38,70.27,71.08,2187200,VHM
2021-01-11 07:00:00,72.26,76.02,71.97,76.02,4512700,VHM
2021-01-12 07:00:00,77.27,77.35,76.02,76.24,2862600,VHM
2021-01-13 07:00:00,76.68,76.76,73.44,74.4,2972500,VHM
2021-01-14 07:00:00,74.4,74.62,72.7,73.44,3274800,VHM
2021-01-15 07:00:00,74.25,74.91,73.29,74.91,2078100,VHM
2021-01-18 07:00:00,75.21,75.8,73.44,74.47,2291200,VHM
2021-01-19 07:00:00,73.74,74.25,69.31,71.38,3552500,VHM
2021-01-20 07:00:00,71.52,75.95,69.68,71.89,3457300,VHM
2021-01-21 07:00:00,72.26,73.29,72.11,73.0,3018300,VHM
2021-01-22 07:00:00,73.29,74.47,72.92,73.22,2262800,VHM
2021-01-25 07:00:00,73.37,73.81,72.7,73.37,2142000,VHM
2021-01-26 07:00:00,73.44,73.51,70.05,72.26,2105700,VHM
2021-01-27 07:00:00,70.79,72.41,67.47,69.24,3312000,VHM
2021-01-28 07:00:00,64.52,66.14,64.44,64.44,3197600,VHM
2021-01-29 07:00:00,61.94,68.94,61.94,68.94,5469400,VHM
2021-02-01 07:00:00,69.02,70.05,65.11,65.11,2634200,VHM
2021-02-02 07:00:00,65.62,69.61,64.89,69.61,2756900,VHM
2021-02-03 07:00:00,69.68,72.92,69.68,71.67,3365900,VHM
2021-02-04 07:00:00,71.67,72.92,70.2,72.56,2498900,VHM
2021-02-05 07:00:00,72.92,73.44,72.48,73.22,2245800,VHM
2021-02-08 07:00:00,73.22,73.29,68.2,69.83,4803100,VHM
2021-02-09 07:00:00,70.71,71.74,69.24,71.38,2668600,VHM
2021-02-17 07:00:00,72.26,74.62,71.52,74.47,3701700,VHM
2021-02-18 07:00:00,74.47,76.09,73.74,76.09,4499400,VHM
2021-02-19 07:00:00,75.21,76.24,74.69,76.02,1911800,VHM
2021-02-22 07:00:00,76.39,78.31,76.39,78.01,4390500,VHM
2021-02-23 07:00:00,78.01,78.45,76.68,77.64,2039100,VHM
2021-02-24 07:00:00,78.16,78.16,74.47,75.8,3720700,VHM
2021-02-25 07:00:00,75.95,76.39,74.84,75.8,2300900,VHM
2021-02-26 07:00:00,74.69,75.8,74.03,74.91,2385600,VHM
2021-03-01 07:00:00,75.21,76.24,75.14,75.95,2302000,VHM
2021-03-02 07:00:00,76.68,77.05,74.99,75.8,2460000,VHM
2021-03-03 07:00:00,75.58,75.58,74.69,74.84,2148400,VHM
2021-03-04 07:00:00,75.14,75.21,72.26,73.74,2714300,VHM
2021-03-05 07:00:00,72.56,73.37,72.26,72.56,2865300,VHM
2021-03-08 07:00:00,73.51,73.59,71.38,71.67,3046500,VHM
2021-03-09 07:00:00,71.52,73.22,70.2,72.41,2196300,VHM
2021-03-10 07:00:00,73.37,73.96,72.26,73.66,2406700,VHM
2021-03-11 07:00:00,74.47,74.77,72.92,73.74,1726900,VHM
2021-03-12 07:00:00,73.74,74.62,73.22,73.66,1733400,VHM
2021-03-15 07:00:00,73.66,73.74,72.63,73.59,2288400,VHM
2021-03-16 07:00:00,73.44,73.59,72.33,73.37,1317500,VHM
2021-03-17 07:00:00,72.85,73.51,72.33,73.22,2007400,VHM
2021-03-18 07:00:00,73.37,73.66,72.26,73.51,1374800,VHM
2021-03-19 07:00:00,73.0,73.22,72.11,72.11,2747200,VHM
2021-03-22 07:00:00,72.78,73.37,72.26,73.22,1576700,VHM
2021-03-23 07:00:00,72.7,73.15,72.26,72.78,1319900,VHM
2021-03-24 07:00:00,71.97,72.26,70.79,71.67,2103300,VHM
2021-03-25 07:00:00,71.67,72.04,70.05,71.3,2404000,VHM
2021-03-26 07:00:00,71.15,71.3,69.38,70.56,2265800,VHM
2021-03-29 07:00:00,70.79,71.15,70.12,70.93,1446000,VHM
2021-03-30 07:00:00,70.93,72.19,70.71,71.01,2901300,VHM
2021-03-31 07:00:00,71.15,72.56,71.15,71.74,1897500,VHM
2021-04-01 07:00:00,71.89,73.37,71.6,73.0,2578700,VHM
2021-04-02 07:00:00,73.74,75.06,73.51,74.25,2203200,VHM
2021-04-05 07:00:00,77.42,77.42,74.47,74.99,2653200,VHM
2021-04-06 07:00:00,74.99,75.95,74.69,74.99,2102600,VHM
2021-04-07 07:00:00,74.25,74.77,73.37,74.1,2485300,VHM
2021-04-08 07:00:00,74.1,74.1,73.51,73.51,1584900,VHM
2021-04-09 07:00:00,73.15,73.15,72.26,72.92,2111100,VHM
2021-04-12 07:00:00,73.37,75.21,73.22,75.06,3269900,VHM
2021-04-13 07:00:00,75.87,77.42,75.06,75.58,4016800,VHM
2021-04-14 07:00:00,72.63,74.1,72.19,74.1,8169000,VHM
2021-04-15 07:00:00,75.06,77.05,74.25,74.62,7972300,VHM
2021-04-16 07:00:00,74.62,77.05,72.26,74.47,6593100,VHM
2021-04-19 07:00:00,75.95,77.05,74.69,77.05,9104900,VHM
2021-04-20 07:00:00,79.12,82.44,78.6,80.08,15266000,VHM
2021-04-22 07:00:00,80.37,82.88,76.02,76.02,6647900,VHM
2021-04-23 07:00:00,76.39,77.42,75.21,77.42,8823200,VHM
2021-04-26 07:00:00,77.42,77.42,73.44,73.44,8982600,VHM
2021-04-27 07:00:00,73.44,74.55,72.41,73.74,3979800,VHM
2021-04-28 07:00:00,73.74,75.87,73.74,74.4,5756900,VHM
2021-04-29 07:00:00,74.77,74.84,73.0,73.22,5374300,VHM
2021-05-04 07:00:00,72.26,73.37,70.86,73.15,4388500,VHM
2021-05-05 07:00:00,73.15,74.62,73.15,73.44,2850600,VHM
2021-05-06 07:00:00,73.44,74.47,72.78,72.78,2793600,VHM
2021-05-07 07:00:00,72.63,73.37,71.52,71.6,5114200,VHM
2021-05-10 07:00:00,70.86,73.59,70.86,73.07,3933700,VHM
2021-05-11 07:00:00,73.66,73.66,72.26,72.26,3142600,VHM
2021-05-12 07:00:00,71.89,72.48,71.38,72.04,3510300,VHM
2021-05-13 07:00:00,71.67,72.48,71.45,71.52,2560600,VHM
2021-05-14 07:00:00,71.52,72.63,71.45,71.67,2990500,VHM
2021-05-17 07:00:00,73.37,76.32,73.22,74.32,5913000,VHM
2021-05-18 07:00:00,74.91,75.21,72.92,72.92,3455700,VHM
2021-05-19 07:00:00,73.0,74.25,72.63,74.03,2871000,VHM
2021-05-20 07:00:00,74.03,75.21,73.15,75.21,3923100,VHM
2021-05-21 07:00:00,74.84,76.83,74.1,76.61,6075800,VHM
2021-05-24 07:00:00,77.27,78.9,76.68,78.16,5182000,VHM
2021-05-25 07:00:00,77.57,78.09,76.83,77.13,2865100,VHM
2021-05-26 07:00:00,77.13,79.04,76.54,77.94,4679100,VHM
2021-05-27 07:00:00,78.16,79.27,72.78,76.98,4530700,VHM
2021-05-28 07:00:00,77.42,77.79,76.09,77.13,3237700,VHM
2021-05-31 07:00:00,77.05,77.05,74.55,75.65,5075900,VHM
2021-06-01 07:00:00,75.21,77.94,74.69,76.68,3869100,VHM
2021-06-02 07:00:00,76.32,77.79,75.95,76.98,2664100,VHM
2021-06-03 07:00:00,77.13,78.16,77.13,77.72,5044900,VHM
2021-06-04 07:00:00,78.9,79.12,76.54,77.05,3635200,VHM
2021-06-07 07:00:00,77.05,78.75,77.05,78.16,4249400,VHM
2021-06-08 07:00:00,78.68,80.74,77.42,77.64,7252600,VHM
2021-06-09 07:00:00,78.16,78.75,77.05,78.23,3322600,VHM
2021-06-10 07:00:00,77.79,78.9,76.68,76.76,3369400,VHM
2021-06-11 07:00:00,76.68,78.45,76.54,78.16,3884300,VHM
2021-06-14 07:00:00,78.97,81.77,78.97,81.03,7532600,VHM
2021-06-15 07:00:00,82.58,83.39,81.92,83.03,5394500,VHM
2021-06-16 07:00:00,82.58,83.32,80.44,81.11,4021200,VHM
2021-06-17 07:00:00,80.0,81.11,79.71,80.37,3866300,VHM
2021-06-18 07:00:00,81.11,85.53,80.22,82.95,4789800,VHM
2021-06-21 07:00:00,82.51,83.32,81.85,82.58,3350800,VHM
2021-06-22 07:00:00,82.51,82.8,82.21,82.21,2497800,VHM
2021-06-23 07:00:00,82.58,82.58,80.3,82.07,3874800,VHM
2021-06-24 07:00:00,81.77,84.8,81.11,82.66,3936900,VHM
2021-06-25 07:00:00,83.25,83.69,82.29,82.66,2846300,VHM
2021-06-28 07:00:00,83.32,85.16,82.88,85.16,7156600,VHM
2021-06-29 07:00:00,85.53,88.04,85.39,87.45,5907600,VHM
2021-06-30 07:00:00,87.74,88.78,86.49,87.01,5135400,VHM
2021-07-01 07:00:00,86.34,87.38,86.12,86.42,3700200,VHM
2021-07-02 07:00:00,86.42,87.89,85.9,87.01,3152400,VHM
2021-07-05 07:00:00,87.74,87.74,84.94,87.38,4553400,VHM
2021-07-06 07:00:00,87.08,87.82,81.33,81.33,2814500,VHM
2021-07-07 07:00:00,81.85,86.27,80.74,86.27,7071300,VHM
2021-07-08 07:00:00,85.16,86.05,83.91,84.8,4664700,VHM
2021-07-09 07:00:00,83.84,85.46,82.21,82.95,3902100,VHM
2021-07-12 07:00:00,82.58,82.58,77.2,79.63,8065200,VHM
2021-07-13 07:00:00,81.03,81.03,78.16,80.74,2562500,VHM
2021-07-14 07:00:00,80.89,82.73,79.49,80.74,3325300,VHM
2021-07-15 07:00:00,80.0,81.55,80.0,81.33,4555800,VHM
2021-07-16 07:00:00,81.33,81.48,80.15,80.37,2119200,VHM
2021-07-19 07:00:00,78.82,79.41,76.17,76.91,3189800,VHM
2021-07-20 07:00:00,77.86,78.6,75.95,78.6,4045600,VHM
2021-07-21 07:00:00,79.27,80.22,78.6,79.63,3042000,VHM
2021-07-22 07:00:00,79.63,81.85,78.9,81.85,3402500,VHM
2021-07-23 07:00:00,81.11,82.21,79.34,79.34,2635200,VHM
2021-07-26 07:00:00,79.27,81.55,79.04,80.81,2753500,VHM
2021-07-27 07:00:00,81.62,81.7,79.34,79.49,5342500,VHM
2021-07-28 07:00:00,78.97,79.41,77.86,78.53,4909500,VHM
2021-07-29 07:00:00,80.37,80.59,78.53,79.56,3954600,VHM
2021-07-30 07:00:00,79.63,80.22,78.9,79.86,4731600,VHM
2021-08-02 07:00:00,79.63,79.93,78.97,79.71,4807700,VHM
2021-08-03 07:00:00,79.49,82.73,79.49,81.77,9951300,VHM
2021-08-04 07:00:00,82.21,82.58,80.74,81.48,4121600,VHM
2021-08-05 07:00:00,81.4,82.36,81.03,82.36,5258200,VHM
2021-08-06 07:00:00,82.58,84.43,82.44,83.98,11226500,VHM
2021-08-09 07:00:00,83.98,86.56,83.69,86.56,6329000,VHM
2021-08-10 07:00:00,87.38,87.82,86.27,86.27,7700400,VHM
2021-08-11 07:00:00,86.27,86.79,85.09,85.53,8250600,VHM
2021-08-12 07:00:00,85.39,86.49,84.94,86.27,5228900,VHM
2021-08-13 07:00:00,87.01,89.0,86.42,88.48,10159600,VHM
2021-08-16 07:00:00,89.88,89.88,84.5,85.53,18686700,VHM
2021-08-17 07:00:00,84.8,85.16,81.48,81.85,19975200,VHM
2021-08-18 07:00:00,81.11,83.69,79.56,81.11,23516400,VHM
2021-08-19 07:00:00,81.11,82.14,80.37,81.85,18153200,VHM
2021-08-20 07:00:00,81.85,81.85,79.49,79.71,20500700,VHM
2021-08-23 07:00:00,79.27,80.37,79.04,79.04,15955500,VHM
2021-08-24 07:00:00,79.27,79.71,78.53,79.12,20691400,VHM
2021-08-25 07:00:00,79.27,79.56,78.75,78.9,16184100,VHM
2021-08-26 07:00:00,78.9,79.19,77.42,78.6,13182400,VHM
2021-08-27 07:00:00,78.16,78.82,77.42,78.82,9953900,VHM
2021-08-30 07:00:00,78.97,79.41,78.6,78.82,8782700,VHM
2021-08-31 07:00:00,78.9,78.97,78.31,78.45,10567000,VHM
2021-09-01 07:00:00,79.93,80.52,78.6,78.9,21977200,VHM
2021-09-06 07:00:00,79.56,80.3,78.75,79.93,13077500,VHM
2021-09-07 07:00:00,80.37,81.85,80.0,80.81,11598900,VHM
2021-09-08 07:00:00,80.89,81.11,79.41,79.56,9311500,VHM
2021-09-09 07:00:00,79.27,80.3,78.97,79.41,9925000,VHM
2021-09-10 07:00:00,79.63,80.3,79.27,79.27,15193100,VHM
2021-09-13 07:00:00,79.63,79.71,78.75,78.9,9821600,VHM
2021-09-14 07:00:00,78.9,79.93,78.68,78.9,10966200,VHM
2021-09-15 07:00:00,79.97,81.13,78.41,79.58,9287400,VHM
2021-09-16 07:00:00,79.67,80.16,77.73,77.83,7925100,VHM
2021-09-17 07:00:00,77.83,79.19,77.34,78.9,6873600,VHM
2021-09-20 07:00:00,78.51,78.8,77.63,77.63,5456900,VHM
2021-09-21 07:00:00,76.27,77.54,73.94,75.3,13434500,VHM
2021-09-22 07:00:00,75.79,75.98,73.84,75.79,8759600,VHM
2021-09-23 07:00:00,75.88,77.24,75.79,77.05,4687300,VHM
2021-09-24 07:00:00,77.05,78.02,76.47,77.34,4577300,VHM
2021-09-27 07:00:00,77.34,77.34,75.98,75.98,5151700,VHM
2021-09-28 07:00:00,75.3,77.15,75.2,76.27,5298500,VHM
2021-09-29 07:00:00,76.27,76.66,75.5,75.98,2992100,VHM
2021-09-30 07:00:00,76.27,77.15,75.98,76.08,3151100,VHM
2021-10-01 07:00:00,76.08,76.08,74.82,74.82,4115400,VHM
2021-10-04 07:00:00,74.82,75.98,74.04,75.79,4104600,VHM
2021-10-05 07:00:00,75.59,77.34,75.3,77.15,4573100,VHM
2021-10-06 07:00:00,77.44,78.22,77.34,78.22,4488000,VHM
2021-10-07 07:00:00,78.31,78.51,77.44,77.73,2556200,VHM
2021-10-08 07:00:00,77.54,78.51,77.44,77.63,3466200,VHM
2021-10-11 07:00:00,77.63,78.7,77.24,78.7,5384000,VHM
2021-10-12 07:00:00,78.7,79.29,78.12,78.6,8096900,VHM
2021-10-13 07:00:00,78.7,78.7,77.63,77.73,5259700,VHM
2021-10-14 07:00:00,77.73,77.73,76.56,76.66,8587800,VHM
2021-10-15 07:00:00,76.66,77.24,75.88,76.47,5269100,VHM
2021-10-18 07:00:00,76.56,77.24,76.27,76.66,4542000,VHM
2021-10-19 07:00:00,76.66,77.54,76.27,77.15,5568400,VHM
2021-10-20 07:00:00,77.34,77.34,75.98,76.56,5507700,VHM
2021-10-21 07:00:00,76.56,76.66,75.69,75.69,5861900,VHM
2021-10-22 07:00:00,75.98,76.66,75.79,75.79,4153100,VHM
2021-10-25 07:00:00,76.37,77.44,75.98,76.27,6781600,VHM
2021-10-26 07:00:00,76.66,77.05,76.27,76.47,2940100,VHM
2021-10-27 07:00:00,76.66,78.9,76.66,78.7,8780700,VHM
2021-10-28 07:00:00,78.99,79.19,78.22,78.7,5310000,VHM
2021-10-29 07:00:00,78.9,83.07,78.9,83.07,15578000,VHM
2021-11-01 07:00:00,83.56,84.43,81.62,81.91,9723600,VHM
2021-11-02 07:00:00,82.01,82.78,81.91,82.59,5784000,VHM
2021-11-03 07:00:00,82.69,83.07,80.26,80.55,11230500,VHM
2021-11-04 07:00:00,80.16,81.13,79.48,80.35,8241100,VHM
2021-11-05 07:00:00,79.87,80.45,79.29,79.67,8244100,VHM
2021-11-08 07:00:00,80.16,80.65,79.19,80.06,8203200,VHM
2021-11-09 07:00:00,80.16,82.1,79.67,80.65,8139200,VHM
2021-11-10 07:00:00,81.03,81.13,80.26,80.26,4154800,VHM
2021-11-11 07:00:00,80.35,80.45,79.09,79.19,9431300,VHM
2021-11-12 07:00:00,79.29,79.67,78.51,79.67,5317400,VHM
2021-11-15 07:00:00,80.16,82.01,79.77,81.62,9673200,VHM
2021-11-16 07:00:00,81.62,81.91,80.35,80.65,6114200,VHM
2021-11-17 07:00:00,80.65,81.62,80.45,81.13,5259600,VHM
2021-11-18 07:00:00,81.13,81.52,80.06,80.45,6316700,VHM
2021-11-19 07:00:00,80.55,80.74,77.73,78.22,7517600,VHM
2021-11-22 07:00:00,78.9,79.19,77.44,78.7,6326700,VHM
2021-11-23 07:00:00,78.7,80.16,78.41,80.16,3583700,VHM
2021-11-24 07:00:00,80.35,81.33,79.48,81.33,7322400,VHM
2021-11-25 07:00:00,81.91,82.59,81.13,81.52,8611000,VHM
2021-11-26 07:00:00,81.52,82.49,80.84,80.94,8576100,VHM
2021-11-29 07:00:00,79.29,82.39,79.29,82.39,11265700,VHM
2021-11-30 07:00:00,83.07,83.07,80.65,82.2,8501600,VHM
2021-12-01 07:00:00,81.81,82.1,80.45,80.55,6787500,VHM
2021-12-02 07:00:00,80.84,81.03,79.97,79.97,4813200,VHM
2021-12-03 07:00:00,80.26,80.74,77.92,77.92,5699400,VHM
2021-12-06 07:00:00,78.6,78.8,77.15,77.44,6641800,VHM
2021-12-07 07:00:00,78.31,79.48,77.92,79.29,4522700,VHM
2021-12-08 07:00:00,79.38,79.48,78.6,78.7,3810100,VHM
2021-12-09 07:00:00,78.8,79.48,78.31,79.29,2766400,VHM
2021-12-10 07:00:00,78.99,79.29,78.31,78.6,4327100,VHM
2021-12-13 07:00:00,78.7,81.13,78.6,79.77,6503000,VHM
2021-12-14 07:00:00,80.16,80.65,79.58,79.77,3082100,VHM
2021-12-15 07:00:00,79.87,80.55,79.29,80.26,3589800,VHM
2021-12-16 07:00:00,80.45,80.45,79.38,79.97,3290500,VHM
2021-12-17 07:00:00,80.06,83.56,80.06,82.1,25185800,VHM
2021-12-20 07:00:00,82.78,82.78,80.94,81.13,4652600,VHM
2021-12-21 07:00:00,81.13,84.34,81.13,83.56,16016300,VHM
2021-12-22 07:00:00,84.34,85.02,82.78,83.27,8928800,VHM
2021-12-23 07:00:00,83.46,83.66,80.16,80.16,8897300,VHM
2021-12-24 07:00:00,80.35,80.94,79.87,80.55,6813200,VHM
2021-12-27 07:00:00,80.74,81.13,79.19,80.45,4999700,VHM
2021-12-28 07:00:00,80.65,81.81,80.26,80.45,4469100,VHM
2021-12-29 07:00:00,80.55,81.13,79.38,79.38,5229300,VHM
2021-12-30 07:00:00,80.06,80.06,79.29,79.29,5845500,VHM
2021-12-31 07:00:00,79.67,79.97,79.29,79.67,4633900,VHM
2022-01-04 07:00:00,80.35,82.98,80.16,82.69,10190100,VHM
2022-01-05 07:00:00,82.69,83.46,81.62,81.62,7373100,VHM
2022-01-06 07:00:00,81.62,83.56,81.62,82.88,10551700,VHM
2022-01-07 07:00:00,83.07,83.95,81.91,82.98,8240800,VHM
2022-01-10 07:00:00,83.07,84.92,82.2,82.98,9915000,VHM
2022-01-11 07:00:00,83.07,83.27,80.65,81.23,6135600,VHM
2022-01-12 07:00:00,80.65,82.01,79.09,81.23,6533800,VHM
2022-01-13 07:00:00,81.62,81.91,79.67,79.87,6683500,VHM
2022-01-14 07:00:00,79.67,80.45,79.29,79.87,3589700,VHM
2022-01-17 07:00:00,79.97,80.16,76.86,76.86,8310500,VHM
2022-01-18 07:00:00,76.95,77.73,73.94,74.82,8073900,VHM
2022-01-19 07:00:00,74.82,76.08,74.82,75.4,3344400,VHM
2022-01-20 07:00:00,75.4,77.34,75.2,76.37,3627700,VHM
2022-01-21 07:00:00,77.15,77.24,75.5,77.15,5040100,VHM
2022-01-24 07:00:00,76.47,76.76,74.04,74.04,5605300,VHM
2022-01-25 07:00:00,74.33,78.7,73.55,78.7,5762000,VHM
2022-01-26 07:00:00,78.7,78.9,77.73,78.9,3922600,VHM
2022-01-27 07:00:00,78.9,79.48,77.44,78.7,4446800,VHM
2022-01-28 07:00:00,78.12,78.9,77.92,78.02,3900100,VHM
2022-02-07 07:00:00,79.29,80.65,78.9,79.87,4868100,VHM
2022-02-08 07:00:00,80.16,80.16,78.7,78.9,3101900,VHM
2022-02-09 07:00:00,78.9,81.62,78.9,79.19,4706300,VHM
2022-02-10 07:00:00,79.48,79.48,77.34,77.83,5872800,VHM
2022-02-11 07:00:00,77.73,78.22,77.24,77.44,3480800,VHM
2022-02-14 07:00:00,76.76,77.24,75.88,75.88,5093500,VHM
2022-02-15 07:00:00,75.88,78.6,75.88,77.73,3777500,VHM
2022-02-16 07:00:00,78.02,78.22,77.44,77.73,2334400,VHM
2022-02-17 07:00:00,77.73,78.51,77.44,78.51,2803200,VHM
2022-02-18 07:00:00,77.73,78.02,77.34,77.44,3373300,VHM
2022-02-21 07:00:00,77.73,78.22,77.44,77.73,3116800,VHM
2022-02-22 07:00:00,77.05,77.24,76.18,77.05,5146700,VHM
2022-02-23 07:00:00,77.54,78.02,77.05,77.15,2850000,VHM
2022-02-24 07:00:00,77.05,77.24,74.91,76.37,5284300,VHM
2022-02-25 07:00:00,76.76,77.05,76.08,76.08,2693300,VHM
2022-02-28 07:00:00,76.08,76.37,75.3,75.3,2837300,VHM
2022-03-01 07:00:00,75.3,75.98,75.3,75.79,2459200,VHM
2022-03-02 07:00:00,75.5,75.79,74.82,75.3,3397800,VHM
2022-03-03 07:00:00,75.69,76.27,75.01,75.79,3942400,VHM
2022-03-04 07:00:00,75.79,76.27,75.01,75.69,4102000,VHM
2022-03-07 07:00:00,75.01,75.01,73.65,74.04,7634300,VHM
2022-03-08 07:00:00,73.75,74.33,72.48,72.48,6032800,VHM
2022-03-09 07:00:00,72.87,72.87,71.71,71.9,7395400,VHM
2022-03-10 07:00:00,72.68,73.75,72.39,73.07,3775700,VHM
2022-03-11 07:00:00,73.07,73.07,71.9,72.87,3610200,VHM
2022-03-14 07:00:00,72.48,72.58,71.32,72.39,3437200,VHM
2022-03-15 07:00:00,72.68,72.68,71.61,72.39,4163200,VHM
2022-03-16 07:00:00,72.19,72.39,71.61,72.1,4047200,VHM
2022-03-17 07:00:00,71.9,73.65,71.8,71.9,2869600,VHM
2022-03-18 07:00:00,72.58,74.14,72.1,72.48,7410800,VHM
2022-03-21 07:00:00,73.16,75.3,73.07,75.3,4454000,VHM
2022-03-22 07:00:00,75.4,76.27,74.62,75.79,4130400,VHM
2022-03-23 07:00:00,75.79,75.88,74.91,75.01,3617700,VHM
2022-03-24 07:00:00,74.82,74.82,73.46,73.55,4527700,VHM
2022-03-25 07:00:00,73.65,74.14,73.36,73.75,2713700,VHM
2022-03-28 07:00:00,73.16,73.55,72.29,72.78,3712400,VHM
2022-03-29 07:00:00,72.78,74.43,72.68,74.33,2945900,VHM
2022-03-30 07:00:00,73.65,74.14,72.58,73.65,4088400,VHM
2022-03-31 07:00:00,73.46,73.84,72.97,73.65,3394300,VHM
2022-04-01 07:00:00,73.36,74.33,72.97,74.04,4095000,VHM
2022-04-04 07:00:00,74.82,74.82,73.94,74.14,3127700,VHM
2022-04-05 07:00:00,74.14,75.3,73.84,74.23,3785900,VHM
2022-04-06 07:00:00,73.84,74.14,72.97,74.14,3879900,VHM
2022-04-07 07:00:00,73.84,73.94,72.58,72.87,4601800,VHM
2022-04-08 07:00:00,72.97,73.84,72.39,72.97,4471900,VHM
2022-04-12 07:00:00,72.78,72.97,70.93,70.93,4356200,VHM
2022-04-13 07:00:00,71.12,71.32,70.15,71.03,3825200,VHM
2022-04-14 07:00:00,71.22,71.41,69.96,70.25,3679100,VHM
2022-04-15 07:00:00,70.25,70.35,68.69,69.08,4040800,VHM
2022-04-18 07:00:00,68.11,68.79,66.17,67.82,5668700,VHM
2022-04-19 07:00:00,67.24,68.5,66.46,66.95,2732200,VHM
2022-04-20 07:00:00,66.56,66.65,63.84,64.9,5981000,VHM
2022-04-21 07:00:00,64.61,65.1,62.18,62.18,6536700,VHM
2022-04-22 07:00:00,62.86,63.93,62.09,62.86,6187200,VHM
2022-04-25 07:00:00,63.16,63.25,58.49,61.21,6857400,VHM
2022-04-26 07:00:00,59.56,63.16,57.52,63.16,6323900,VHM
2022-04-27 07:00:00,62.48,63.16,60.92,63.16,4773300,VHM
2022-04-28 07:00:00,63.06,63.06,60.82,62.67,6290400,VHM
2022-04-29 07:00:00,61.31,63.16,61.21,63.16,6819600,VHM
2022-05-04 07:00:00,63.16,63.35,61.7,62.67,2511700,VHM
2022-05-05 07:00:00,62.77,66.85,62.57,66.85,7518400,VHM
2022-05-06 07:00:00,65.1,66.85,64.81,66.75,5560700,VHM
2022-05-09 07:00:00,65.97,66.56,64.52,66.07,5658400,VHM
2022-05-10 07:00:00,65.0,67.92,63.16,67.92,4352700,VHM
2022-05-11 07:00:00,67.04,69.18,66.65,68.5,3072800,VHM
2022-05-12 07:00:00,67.24,67.92,65.1,66.95,4117300,VHM
2022-05-13 07:00:00,66.95,66.95,62.67,66.07,6924300,VHM
2022-05-16 07:00:00,66.07,66.17,62.67,63.93,5296400,VHM
2022-05-17 07:00:00,63.35,65.0,61.5,65.0,4830700,VHM
2022-05-18 07:00:00,65.0,65.0,63.45,65.0,4266300,VHM
2022-05-19 07:00:00,63.16,65.78,63.16,65.1,3316000,VHM
2022-05-20 07:00:00,65.2,65.49,64.13,64.9,2305800,VHM
2022-05-23 07:00:00,64.81,65.49,63.45,64.81,2901300,VHM
2022-05-24 07:00:00,63.93,65.0,63.84,65.0,2242000,VHM
2022-05-25 07:00:00,64.9,65.97,64.42,65.97,3077100,VHM
2022-05-26 07:00:00,65.97,67.63,65.97,66.75,3048600,VHM
2022-05-27 07:00:00,67.04,67.72,66.56,67.72,2451900,VHM
2022-05-30 07:00:00,68.01,68.5,66.85,68.5,2593900,VHM
2022-05-31 07:00:00,68.7,69.9,68.5,69.6,3692900,VHM
2022-06-01 07:00:00,69.6,70.3,69.0,70.3,3704600,VHM
2022-06-02 07:00:00,70.1,70.1,68.6,69.5,3115700,VHM
2022-06-03 07:00:00,68.6,69.4,68.0,69.4,2752600,VHM
2022-06-06 07:00:00,69.4,69.5,68.2,69.3,3331600,VHM
2022-06-07 07:00:00,69.0,69.0,67.8,68.5,3568900,VHM
2022-06-08 07:00:00,68.5,69.2,68.0,68.5,2085300,VHM
2022-06-09 07:00:00,68.7,68.7,67.5,68.3,3544100,VHM
2022-06-10 07:00:00,67.2,68.3,67.2,68.3,2452200,VHM
2022-06-13 07:00:00,66.5,67.0,65.2,66.0,3373800,VHM
2022-06-14 07:00:00,65.6,66.0,64.7,66.0,3015300,VHM
2022-06-15 07:00:00,66.0,66.3,64.7,65.9,3508000,VHM
2022-06-16 07:00:00,65.9,66.7,65.6,66.0,2437800,VHM
2022-06-17 07:00:00,64.8,66.0,63.8,66.0,3106900,VHM
2022-06-20 07:00:00,65.9,66.0,64.7,65.0,2701700,VHM
2022-06-21 07:00:00,64.7,65.0,63.8,65.0,2365100,VHM
2022-06-22 07:00:00,64.5,65.0,63.5,64.8,3460900,VHM
2022-06-23 07:00:00,63.9,64.2,63.0,63.2,5534200,VHM
2022-06-24 07:00:00,63.3,63.8,63.1,63.2,2256500,VHM
2022-06-27 07:00:00,63.2,64.9,63.2,63.5,2666100,VHM
2022-06-28 07:00:00,63.5,64.1,63.5,63.8,1455900,VHM
2022-06-29 07:00:00,63.6,64.0,63.1,63.3,1571700,VHM
2022-06-30 07:00:00,63.3,63.8,62.1,62.1,2480200,VHM
2022-07-01 07:00:00,62.2,63.5,61.4,61.4,2974000,VHM
2022-07-04 07:00:00,62.0,62.0,61.0,61.0,2256200,VHM
2022-07-05 07:00:00,61.1,61.5,60.4,60.5,3133800,VHM
2022-07-06 07:00:00,60.2,60.5,58.4,59.1,6722800,VHM
2022-07-07 07:00:00,59.0,61.0,58.3,61.0,2098800,VHM
2022-07-08 07:00:00,61.3,61.3,59.5,61.0,1793900,VHM
2022-07-11 07:00:00,59.1,60.5,58.4,60.5,4883200,VHM
2022-07-12 07:00:00,59.5,60.5,59.1,60.2,3602700,VHM
2022-07-13 07:00:00,60.0,60.5,59.0,60.1,2334600,VHM
2022-07-14 07:00:00,60.1,60.3,59.2,60.1,1906300,VHM
2022-07-15 07:00:00,59.5,60.2,59.4,60.0,2301900,VHM
2022-07-18 07:00:00,60.0,60.0,59.0,59.0,2023400,VHM
2022-07-19 07:00:00,58.6,59.1,58.6,58.8,1864800,VHM
2022-07-20 07:00:00,59.0,59.7,58.5,59.7,1910000,VHM
2022-07-21 07:00:00,59.6,59.7,58.9,58.9,2070700,VHM
2022-07-22 07:00:00,58.9,59.0,58.5,58.7,1530500,VHM
2022-07-25 07:00:00,58.5,59.1,58.5,58.9,1229500,VHM
2022-07-26 07:00:00,59.0,59.3,58.5,58.7,737100,VHM
2022-07-27 07:00:00,58.5,58.8,58.5,58.6,502800,VHM
2022-07-28 07:00:00,59.0,59.1,58.5,58.8,1914300,VHM
2022-07-29 07:00:00,58.9,60.5,58.8,59.9,3235500,VHM
2022-08-01 07:00:00,59.8,60.0,59.0,60.0,1703800,VHM
2022-08-02 07:00:00,59.8,62.8,59.4,62.5,4320200,VHM
2022-08-03 07:00:00,62.0,62.7,61.4,61.9,2005800,VHM
2022-08-04 07:00:00,62.0,63.1,62.0,63.0,5218900,VHM
2022-08-05 07:00:00,62.7,62.7,61.6,61.8,2290400,VHM
2022-08-08 07:00:00,61.5,61.9,61.5,61.5,2233600,VHM
2022-08-09 07:00:00,61.7,61.9,60.9,60.9,2234700,VHM
2022-08-10 07:00:00,61.0,62.3,60.8,61.3,1594600,VHM
2022-08-11 07:00:00,61.9,61.9,61.0,61.4,2236700,VHM
2022-08-12 07:00:00,61.4,61.5,61.1,61.2,1423400,VHM
2022-08-15 07:00:00,61.5,62.3,61.3,61.5,2189500,VHM
2022-08-16 07:00:00,61.5,61.8,61.1,61.3,1107300,VHM
2022-08-17 07:00:00,61.5,61.8,61.3,61.3,2505800,VHM
2022-08-18 07:00:00,61.3,61.8,61.1,61.1,3350200,VHM
2022-08-19 07:00:00,61.0,61.1,59.5,60.1,2780700,VHM
2022-08-22 07:00:00,59.9,60.4,59.1,59.4,2116900,VHM
2022-08-23 07:00:00,59.2,59.7,59.1,59.5,1353300,VHM
2022-08-24 07:00:00,59.6,59.8,59.3,59.7,1049900,VHM
2022-08-25 07:00:00,59.9,61.2,59.8,61.0,2025800,VHM
2022-08-26 07:00:00,61.0,61.4,60.2,60.3,851200,VHM
2022-08-29 07:00:00,59.6,59.8,58.9,59.7,2035600,VHM
2022-08-30 07:00:00,59.7,60.4,59.5,59.9,1770500,VHM
2022-08-31 07:00:00,59.9,61.4,59.7,61.0,2837300,VHM
2022-09-05 07:00:00,61.2,61.8,61.0,61.0,1529500,VHM
2022-09-06 07:00:00,61.2,61.5,61.0,61.1,1285200,VHM
2022-09-07 07:00:00,61.0,61.1,59.5,59.5,1847100,VHM
2022-09-08 07:00:00,59.6,59.8,59.3,59.6,1642000,VHM
2022-09-09 07:00:00,59.8,60.2,59.5,59.9,1443100,VHM
2022-09-12 07:00:00,60.1,61.8,60.1,61.4,3868500,VHM
2022-09-13 07:00:00,61.5,61.5,60.7,60.7,2252100,VHM
2022-09-14 07:00:00,59.8,60.3,59.7,60.0,1784500,VHM
2022-09-15 07:00:00,60.0,60.5,59.8,60.5,1910900,VHM
2022-09-16 07:00:00,60.0,61.1,59.6,59.6,2368800,VHM
2022-09-19 07:00:00,59.6,59.8,58.4,58.4,1944900,VHM
2022-09-20 07:00:00,58.6,59.3,58.6,58.9,1539400,VHM
2022-09-21 07:00:00,58.9,58.9,58.0,58.3,1732700,VHM
2022-09-22 07:00:00,57.8,58.0,56.6,57.7,2370700,VHM
2022-09-23 07:00:00,57.5,57.7,57.0,57.2,630900,VHM
2022-09-26 07:00:00,56.5,57.0,55.2,55.9,2734600,VHM
2022-09-27 07:00:00,55.9,55.9,54.1,54.1,1239500,VHM
2022-09-28 07:00:00,53.6,54.0,51.0,51.2,2624400,VHM
2022-09-29 07:00:00,52.1,52.5,50.7,50.8,1967400,VHM
2022-09-30 07:00:00,50.0,52.0,48.0,50.7,4399000,VHM
2022-10-03 07:00:00,50.7,50.8,47.2,50.4,4216600,VHM
2022-10-04 07:00:00,50.7,50.7,48.3,50.6,2981600,VHM
2022-10-05 07:00:00,51.0,53.8,50.9,53.8,3926300,VHM
2022-10-06 07:00:00,53.6,54.1,52.7,53.6,2715500,VHM
2022-10-07 07:00:00,53.6,53.8,50.7,53.8,4053800,VHM
2022-10-10 07:00:00,53.0,53.9,51.8,53.9,2162500,VHM
2022-10-11 07:00:00,52.6,52.6,50.8,51.8,4080700,VHM
2022-10-12 07:00:00,51.8,52.9,50.5,52.5,2058600,VHM
2022-10-13 07:00:00,52.5,52.8,51.0,52.8,2128800,VHM
2022-10-14 07:00:00,53.0,53.1,51.3,51.9,1696600,VHM
2022-10-17 07:00:00,51.5,51.5,49.5,49.5,2934700,VHM
2022-10-18 07:00:00,50.0,50.5,48.35,50.5,2552900,VHM
2022-10-19 07:00:00,50.4,50.5,49.05,50.0,1240200,VHM
2022-10-20 07:00:00,49.5,50.0,48.9,50.0,2747900,VHM
2022-10-21 07:00:00,49.95,49.95,46.5,47.95,5383900,VHM
2022-10-24 07:00:00,47.95,47.95,44.6,44.6,1834000,VHM
2022-10-25 07:00:00,44.6,44.7,41.5,44.6,6293600,VHM
2022-10-26 07:00:00,44.6,44.6,41.75,43.5,3700300,VHM
2022-10-27 07:00:00,43.4,44.6,42.9,44.0,4869100,VHM
2022-10-28 07:00:00,44.5,46.3,44.1,44.9,3076200,VHM
2022-10-31 07:00:00,45.5,46.8,44.1,45.0,2523900,VHM
2022-11-01 07:00:00,45.8,46.2,45.0,45.0,2622800,VHM
2022-11-02 07:00:00,45.0,45.5,44.7,44.9,2263100,VHM
2022-11-03 07:00:00,44.55,45.35,44.35,45.0,2099800,VHM
2022-11-04 07:00:00,44.8,44.8,42.5,44.5,4338400,VHM
2022-11-07 07:00:00,44.0,44.0,42.2,43.9,3020500,VHM
2022-11-08 07:00:00,43.1,43.8,41.25,43.8,5521100,VHM
2022-11-09 07:00:00,43.8,45.0,43.8,44.55,4933400,VHM
2022-11-10 07:00:00,44.1,44.1,42.3,43.95,4020400,VHM
2022-11-11 07:00:00,43.95,44.55,43.75,44.15,4084100,VHM
2022-11-14 07:00:00,43.8,44.9,42.35,44.0,2665000,VHM
2022-11-15 07:00:00,42.55,43.85,42.45,43.4,3093200,VHM
2022-11-16 07:00:00,43.0,45.0,41.5,44.9,3370900,VHM
2022-11-17 07:00:00,45.0,47.95,44.95,47.95,4303600,VHM
2022-11-18 07:00:00,47.95,48.8,46.6,48.0,3641700,VHM
2022-11-21 07:00:00,48.0,48.0,45.75,46.95,2712700,VHM
2022-11-22 07:00:00,45.8,48.5,45.3,45.3,1851800,VHM
2022-11-23 07:00:00,45.0,46.0,44.3,44.4,1111300,VHM
2022-11-24 07:00:00,44.35,45.5,44.2,45.0,1182600,VHM
2022-11-25 07:00:00,46.0,47.05,45.8,47.0,3344500,VHM
2022-11-28 07:00:00,47.5,50.2,47.4,50.2,7815000,VHM
2022-11-29 07:00:00,51.6,53.1,50.4,53.1,7431800,VHM
2022-11-30 07:00:00,53.6,54.5,52.0,54.5,6191900,VHM
2022-12-01 07:00:00,55.1,56.2,53.5,53.5,5868300,VHM
2022-12-02 07:00:00,53.5,57.2,53.0,57.2,6364400,VHM
2022-12-05 07:00:00,57.5,58.3,56.8,58.3,4597300,VHM
2022-12-06 07:00:00,58.3,58.3,54.3,55.0,4261600,VHM
2022-12-07 07:00:00,54.2,56.7,54.2,55.5,3601000,VHM
2022-12-08 07:00:00,57.0,57.0,54.5,55.4,4142000,VHM
2022-12-09 07:00:00,55.4,55.6,53.7,54.1,3329100,VHM
2022-12-12 07:00:00,54.2,54.2,50.5,50.5,3867300,VHM
2022-12-13 07:00:00,50.5,53.0,49.95,53.0,4250600,VHM
2022-12-14 07:00:00,53.7,53.7,51.4,53.0,3218700,VHM
2022-12-15 07:00:00,53.0,53.1,50.7,50.7,2949400,VHM
2022-12-16 07:00:00,50.3,51.2,49.3,49.3,3490900,VHM
2022-12-19 07:00:00,49.4,50.2,48.2,48.2,2140200,VHM
2022-12-20 07:00:00,48.2,48.6,46.3,48.2,3290300,VHM
2022-12-21 07:00:00,48.8,48.8,46.6,48.5,1880900,VHM
2022-12-22 07:00:00,48.55,49.65,48.55,49.0,2170900,VHM
2022-12-23 07:00:00,49.4,50.0,48.2,49.8,1348100,VHM
2022-12-26 07:00:00,49.5,49.6,47.0,47.0,2139600,VHM
2022-12-27 07:00:00,46.3,50.2,45.15,47.5,2872500,VHM
2022-12-28 07:00:00,47.7,48.5,46.5,47.7,1485500,VHM
2022-12-29 07:00:00,47.6,48.5,47.4,47.8,1258100,VHM
2022-12-30 07:00:00,49.0,49.0,47.55,48.0,1197100,VHM
2023-01-03 07:00:00,48.0,49.4,47.0,49.4,1622300,VHM
2023-01-04 07:00:00,49.9,49.9,49.0,49.0,1176400,VHM
2023-01-05 07:00:00,49.0,50.0,49.0,49.7,1951700,VHM
2023-01-06 07:00:00,49.75,50.3,49.5,49.9,1171800,VHM
2023-01-09 07:00:00,50.2,50.5,49.7,50.2,1196400,VHM
2023-01-10 07:00:00,50.1,50.4,49.75,49.75,894100,VHM
2023-01-11 07:00:00,50.3,50.9,49.8,50.8,1186100,VHM
2023-01-12 07:00:00,51.1,51.7,51.0,51.5,1238700,VHM
2023-01-13 07:00:00,51.7,52.0,51.1,52.0,1047000,VHM
2023-01-16 07:00:00,52.0,52.3,51.3,51.3,1118900,VHM
2023-01-17 07:00:00,51.3,52.0,49.55,52.0,1453600,VHM
2023-01-18 07:00:00,52.0,52.9,50.9,52.5,1264300,VHM
2023-01-19 07:00:00,52.4,53.4,51.5,52.2,2235700,VHM
2023-01-27 07:00:00,52.4,53.9,51.9,53.3,1282700,VHM
2023-01-30 07:00:00,53.3,53.5,51.5,51.5,1349500,VHM
2023-01-31 07:00:00,51.5,51.8,50.4,50.9,1312000,VHM
2023-02-01 07:00:00,50.7,50.9,48.0,48.0,3648300,VHM
2023-02-02 07:00:00,48.5,49.2,47.7,47.9,2156100,VHM
2023-02-03 07:00:00,48.0,48.5,47.5,48.1,1246200,VHM
2023-02-06 07:00:00,47.9,48.0,47.1,47.95,1693000,VHM
2023-02-07 07:00:00,48.0,48.0,46.05,46.8,2542100,VHM
2023-02-08 07:00:00,46.7,46.7,44.45,46.6,4744700,VHM
2023-02-09 07:00:00,45.65,46.7,45.3,45.3,3121100,VHM
2023-02-10 07:00:00,45.0,45.75,45.0,45.4,1602200,VHM
2023-02-13 07:00:00,44.8,45.0,43.4,44.4,2467600,VHM
2023-02-14 07:00:00,44.0,44.2,42.2,42.75,3875000,VHM
2023-02-15 07:00:00,42.7,42.7,41.6,42.5,4288300,VHM
2023-02-16 07:00:00,42.75,42.75,42.0,42.5,2366000,VHM
2023-02-17 07:00:00,42.7,43.6,42.5,43.3,2064500,VHM
2023-02-20 07:00:00,43.5,46.3,43.4,45.2,4177000,VHM
2023-02-21 07:00:00,45.5,46.15,45.1,45.2,1571200,VHM
2023-02-22 07:00:00,44.6,44.8,42.6,42.6,3712300,VHM
2023-02-23 07:00:00,42.6,42.85,40.6,42.0,4588000,VHM
2023-02-24 07:00:00,41.7,42.0,40.9,41.0,3013500,VHM
2023-02-27 07:00:00,40.0,40.9,39.4,40.9,5325900,VHM
2023-02-28 07:00:00,41.0,41.95,40.4,41.5,1631900,VHM
2023-03-01 07:00:00,41.05,41.3,39.8,41.2,3325100,VHM
2023-03-02 07:00:00,41.0,41.5,40.45,41.1,1947400,VHM
2023-03-03 07:00:00,41.0,41.2,40.55,40.95,1387200,VHM
2023-03-06 07:00:00,41.75,43.2,41.5,42.1,2996100,VHM
2023-03-07 07:00:00,42.7,43.0,42.1,42.3,1670600,VHM
2023-03-08 07:00:00,41.3,42.35,41.3,42.35,1952900,VHM
2023-03-09 07:00:00,42.35,43.0,42.25,42.4,1780100,VHM
2023-03-10 07:00:00,42.4,43.0,42.0,42.85,2536600,VHM
2023-03-13 07:00:00,42.8,44.8,42.75,44.75,3225100,VHM
2023-03-14 07:00:00,44.2,45.35,44.1,44.75,2838200,VHM
2023-03-15 07:00:00,45.25,46.6,44.95,46.0,2069400,VHM
2023-03-16 07:00:00,45.8,45.8,44.25,44.5,2039000,VHM
2023-03-17 07:00:00,44.6,45.2,43.35,43.35,4942600,VHM
2023-03-20 07:00:00,44.1,44.1,42.55,42.55,2167400,VHM
2023-03-21 07:00:00,43.0,45.5,43.0,45.4,2538300,VHM
2023-03-22 07:00:00,45.6,48.0,45.6,47.65,4394900,VHM
2023-03-23 07:00:00,47.4,48.0,46.85,48.0,2271200,VHM
2023-03-24 07:00:00,48.0,49.85,48.0,49.0,2609300,VHM
2023-03-27 07:00:00,49.0,49.5,48.4,48.4,1869300,VHM
2023-03-28 07:00:00,48.45,49.5,47.0,48.0,2550000,VHM
2023-03-29 07:00:00,48.05,48.05,47.1,48.0,1251100,VHM
2023-03-30 07:00:00,48.8,49.95,48.1,49.55,1675100,VHM
2023-03-31 07:00:00,49.6,51.5,49.6,51.5,2718900,VHM
2023-04-03 07:00:00,52.2,53.7,52.0,52.6,2842200,VHM
2023-04-04 07:00:00,53.0,53.0,51.0,51.0,1515600,VHM
2023-04-05 07:00:00,51.0,52.3,50.6,52.2,2188900,VHM
2023-04-06 07:00:00,52.0,52.2,51.2,51.2,1034200,VHM
2023-04-07 07:00:00,51.2,51.5,50.3,50.7,779800,VHM
2023-04-10 07:00:00,51.4,51.5,49.8,49.8,1326100,VHM
2023-04-11 07:00:00,49.3,51.7,49.3,51.5,2077500,VHM
2023-04-12 07:00:00,51.9,52.1,51.0,51.6,2031500,VHM
2023-04-13 07:00:00,51.6,51.7,50.3,50.5,1340500,VHM
2023-04-14 07:00:00,50.7,51.5,49.7,50.0,1318400,VHM
2023-04-17 07:00:00,50.1,50.9,50.0,50.3,1028000,VHM
2023-04-18 07:00:00,50.9,51.3,50.5,50.8,1761600,VHM
2023-04-19 07:00:00,50.8,51.2,50.0,50.4,973100,VHM
2023-04-20 07:00:00,50.5,50.7,49.85,50.7,483600,VHM
2023-04-21 07:00:00,50.5,50.7,49.9,50.3,734700,VHM
2023-04-24 07:00:00,50.8,52.0,50.2,50.5,1344800,VHM
2023-04-25 07:00:00,51.2,51.2,49.85,50.2,2139000,VHM
2023-04-26 07:00:00,49.9,49.9,48.0,48.0,2276700,VHM
2023-04-27 07:00:00,48.0,48.7,46.85,47.5,2648000,VHM
2023-04-28 07:00:00,47.7,49.5,47.4,49.5,1144900,VHM
2023-05-04 07:00:00,49.5,49.5,48.2,49.5,1314400,VHM
2023-05-05 07:00:00,49.15,49.5,48.6,49.0,793200,VHM
2023-05-08 07:00:00,48.85,49.55,48.6,49.4,1057500,VHM
2023-05-09 07:00:00,49.05,49.5,48.75,49.3,1270100,VHM
2023-05-10 07:00:00,49.3,49.4,48.9,49.35,518800,VHM
2023-05-11 07:00:00,49.5,49.5,48.95,49.15,523900,VHM
2023-05-12 07:00:00,49.1,51.2,48.9,51.2,1439700,VHM
2023-05-15 07:00:00,52.0,52.5,51.5,51.7,1699500,VHM
2023-05-16 07:00:00,51.7,52.2,51.5,52.2,1495800,VHM
2023-05-17 07:00:00,52.2,53.9,52.2,53.4,3109800,VHM
2023-05-18 07:00:00,53.9,55.8,53.5,55.0,3529400,VHM
2023-05-19 07:00:00,55.5,55.5,53.5,54.1,1844100,VHM
2023-05-22 07:00:00,55.0,55.0,53.5,54.1,1650400,VHM
2023-05-23 07:00:00,54.5,54.5,53.0,53.7,1157300,VHM
2023-05-24 07:00:00,53.7,54.5,53.3,54.5,848900,VHM
2023-05-25 07:00:00,54.7,55.6,54.0,55.0,1607700,VHM
2023-05-26 07:00:00,55.0,56.4,54.6,55.0,1791400,VHM
2023-05-29 07:00:00,55.0,56.3,55.0,55.5,1606200,VHM
2023-05-30 07:00:00,56.0,56.0,54.6,54.9,1390000,VHM
2023-05-31 07:00:00,55.0,55.0,53.5,53.5,1538100,VHM
2023-06-01 07:00:00,53.5,54.0,53.0,53.0,913700,VHM
2023-06-02 07:00:00,53.5,53.9,53.0,53.4,1356400,VHM
2023-06-05 07:00:00,54.0,55.1,53.3,53.7,1430700,VHM
2023-06-06 07:00:00,54.4,55.0,53.9,55.0,1361500,VHM
2023-06-07 07:00:00,55.3,55.7,54.5,55.3,1857300,VHM
2023-06-08 07:00:00,55.3,56.0,55.1,55.4,2325400,VHM
2023-06-09 07:00:00,55.0,55.8,54.8,55.5,1051100,VHM
2023-06-12 07:00:00,55.5,55.5,54.4,55.4,1150600,VHM
2023-06-13 07:00:00,55.2,56.7,55.1,56.7,2370400,VHM
2023-06-14 07:00:00,56.8,58.2,56.7,57.0,2455300,VHM
2023-06-15 07:00:00,57.0,57.9,55.8,56.5,2453200,VHM
2023-06-16 07:00:00,56.4,56.9,55.0,56.0,2452000,VHM
2023-06-19 07:00:00,56.1,56.1,54.8,55.0,1528500,VHM
2023-06-20 07:00:00,55.0,55.7,54.5,55.1,984300,VHM
2023-06-21 07:00:00,55.0,55.3,54.3,54.6,2367700,VHM
2023-06-22 07:00:00,55.0,55.7,54.7,55.7,1914900,VHM
2023-06-23 07:00:00,55.2,56.0,55.1,56.0,2159900,VHM
2023-06-26 07:00:00,55.6,55.8,54.8,55.5,1422100,VHM
2023-06-27 07:00:00,55.5,55.9,55.4,55.9,991900,VHM
2023-06-28 07:00:00,56.1,56.2,55.0,55.4,1388900,VHM
2023-06-29 07:00:00,55.4,55.4,54.9,55.0,1247700,VHM
2023-06-30 07:00:00,54.8,55.5,54.3,55.0,1458000,VHM
2023-07-03 07:00:00,55.0,55.9,55.0,55.9,1043500,VHM
2023-07-04 07:00:00,55.9,56.8,55.5,56.5,1450100,VHM
2023-07-05 07:00:00,56.5,56.5,55.3,56.1,1622700,VHM
2023-07-06 07:00:00,55.3,55.9,54.5,54.5,1405400,VHM
2023-07-07 07:00:00,54.5,54.9,54.0,54.0,1220500,VHM
2023-07-10 07:00:00,54.1,54.4,53.6,53.8,2150300,VHM
2023-07-11 07:00:00,53.6,53.9,53.6,53.9,2615400,VHM
2023-07-12 07:00:00,53.9,55.3,53.9,55.1,2185400,VHM
2023-07-13 07:00:00,55.4,56.3,55.3,56.3,3010000,VHM
2023-07-14 07:00:00,56.5,56.6,55.8,56.4,2054200,VHM
2023-07-17 07:00:00,56.7,59.0,56.5,59.0,4267700,VHM
2023-07-18 07:00:00,58.5,59.4,58.0,58.8,2908900,VHM
2023-07-19 07:00:00,58.8,59.0,58.2,58.5,2216000,VHM
2023-07-20 07:00:00,58.5,58.5,57.3,57.7,3588400,VHM
2023-07-21 07:00:00,57.5,59.0,57.3,59.0,3603800,VHM
2023-07-24 07:00:00,59.5,59.5,58.1,59.1,2048800,VHM
2023-07-25 07:00:00,58.8,59.2,58.2,58.6,3619300,VHM
2023-07-26 07:00:00,58.3,59.0,58.3,59.0,3075200,VHM
2023-07-27 07:00:00,59.0,59.1,57.5,57.5,2724000,VHM
2023-07-28 07:00:00,57.7,58.9,57.4,58.9,2867200,VHM
2023-07-31 07:00:00,62.2,63.0,61.0,63.0,5506100,VHM
2023-08-01 07:00:00,63.9,66.2,62.8,62.8,6553500,VHM
2023-08-02 07:00:00,62.6,62.9,61.9,61.9,3438900,VHM
2023-08-03 07:00:00,62.0,62.2,60.1,60.1,2944400,VHM
2023-08-04 07:00:00,60.9,63.8,60.6,63.0,4715000,VHM
2023-08-07 07:00:00,63.7,63.7,61.6,62.9,3395500,VHM
2023-08-08 07:00:00,62.9,63.8,62.5,62.8,5300400,VHM
2023-08-09 07:00:00,62.3,62.7,60.6,60.6,5591000,VHM
2023-08-10 07:00:00,60.7,61.6,60.6,60.6,4743100,VHM
2023-08-11 07:00:00,62.3,62.5,59.8,60.9,4792700,VHM
2023-08-14 07:00:00,60.9,61.8,60.8,61.2,6216300,VHM
2023-08-15 07:00:00,61.2,62.5,60.9,61.7,5687200,VHM
2023-08-16 07:00:00,63.0,64.1,62.3,62.9,6366900,VHM
2023-08-17 07:00:00,62.1,62.6,61.0,61.0,5437100,VHM
2023-08-18 07:00:00,60.8,60.8,56.8,56.8,9562100,VHM
2023-08-21 07:00:00,56.8,57.2,55.7,56.0,5229200,VHM
2023-08-22 07:00:00,56.8,56.8,54.5,55.5,4567100,VHM
2023-08-23 07:00:00,56.9,56.9,54.4,54.5,6684500,VHM
2023-08-24 07:00:00,54.9,56.1,54.4,55.4,4647700,VHM
2023-08-25 07:00:00,55.5,55.5,54.0,54.1,5129100,VHM
2023-08-28 07:00:00,54.5,55.3,54.2,54.7,5223400,VHM
2023-08-29 07:00:00,55.0,55.8,54.4,54.6,5305400,VHM
2023-08-30 07:00:00,54.6,55.1,54.1,54.6,5033400,VHM
2023-08-31 07:00:00,54.8,55.9,54.7,54.7,6420400,VHM
2023-09-05 07:00:00,55.2,55.5,54.4,55.3,9060200,VHM
2023-09-06 07:00:00,55.5,57.0,55.4,55.9,9771600,VHM
2023-09-07 07:00:00,56.5,56.6,54.9,55.1,8725600,VHM
2023-09-08 07:00:00,55.0,55.5,54.0,54.0,10428600,VHM
2023-09-11 07:00:00,54.6,54.9,52.5,52.5,8473600,VHM
2023-09-12 07:00:00,52.8,53.5,52.0,53.5,7418400,VHM
2023-09-13 07:00:00,53.8,53.8,52.1,52.1,11950900,VHM
2023-09-14 07:00:00,52.1,52.3,49.0,49.0,11640900,VHM
2023-09-15 07:00:00,49.6,50.5,49.4,50.5,10515400,VHM
2023-09-18 07:00:00,50.1,50.5,48.7,48.95,5100700,VHM
2023-09-19 07:00:00,50.0,50.7,49.0,49.35,7523700,VHM
2023-09-20 07:00:00,49.7,50.9,49.5,50.7,4516100,VHM
2023-09-21 07:00:00,51.0,51.4,50.0,50.2,5187600,VHM
2023-09-22 07:00:00,49.4,49.45,47.85,48.0,7962300,VHM
2023-09-25 07:00:00,48.0,48.75,46.0,47.0,5318000,VHM
2023-09-26 07:00:00,47.0,47.8,45.0,45.0,4072300,VHM
2023-09-27 07:00:00,45.0,45.8,43.85,45.1,6501300,VHM
2023-09-28 07:00:00,45.1,45.5,44.05,44.5,3414400,VHM
2023-09-29 07:00:00,45.0,47.5,45.0,45.5,7289300,VHM
2023-10-02 07:00:00,45.6,46.2,45.2,45.75,1820000,VHM
2023-10-03 07:00:00,45.0,45.25,44.05,44.05,4660300,VHM
2023-10-04 07:00:00,43.25,45.4,43.25,44.6,3469300,VHM
2023-10-05 07:00:00,44.7,45.25,44.25,44.55,2701500,VHM
2023-10-06 07:00:00,44.85,46.15,44.55,46.05,3431800,VHM
2023-10-09 07:00:00,46.1,47.5,46.05,47.0,3861300,VHM
2023-10-10 07:00:00,47.15,48.0,46.9,48.0,4834400,VHM
2023-10-11 07:00:00,47.7,47.8,46.85,47.4,2919100,VHM
2023-10-12 07:00:00,47.6,48.0,47.35,47.55,2450500,VHM
2023-10-13 07:00:00,47.05,47.2,46.5,46.9,2577000,VHM
2023-10-16 07:00:00,46.9,47.0,45.55,45.55,3271400,VHM
2023-10-17 07:00:00,45.6,45.9,44.5,44.5,2398500,VHM
2023-10-18 07:00:00,44.6,45.8,43.0,43.3,3856200,VHM
2023-10-19 07:00:00,43.45,43.45,42.5,42.5,3733500,VHM
2023-10-20 07:00:00,42.5,44.8,41.7,44.5,3190400,VHM
2023-10-23 07:00:00,44.5,45.3,44.0,44.5,5685400,VHM
2023-10-24 07:00:00,44.9,45.0,44.0,44.6,3181700,VHM
2023-10-25 07:00:00,45.4,45.95,44.75,44.9,3919900,VHM
2023-10-26 07:00:00,41.8,41.8,41.8,41.8,6085900,VHM
2023-10-27 07:00:00,40.0,41.5,38.9,39.2,18173800,VHM
2023-10-30 07:00:00,39.0,40.0,37.75,39.2,6757600,VHM
2023-10-31 07:00:00,39.2,39.7,38.0,39.0,7711700,VHM
2023-11-01 07:00:00,38.9,39.0,36.75,38.45,9750000,VHM
2023-11-02 07:00:00,38.45,40.0,37.7,39.95,9139400,VHM
2023-11-03 07:00:00,40.45,40.55,39.95,40.5,8269500,VHM
2023-11-06 07:00:00,40.65,41.4,40.6,41.0,6337500,VHM
2023-11-07 07:00:00,40.9,40.95,40.0,40.0,4440500,VHM
2023-11-08 07:00:00,39.95,41.5,39.2,41.0,7703900,VHM
2023-11-09 07:00:00,41.6,43.05,41.45,42.9,15459800,VHM
2023-11-10 07:00:00,42.5,43.2,42.3,42.3,6520200,VHM
2023-11-13 07:00:00,42.6,42.6,41.3,41.35,7225100,VHM
2023-11-14 07:00:00,41.85,41.9,40.75,41.0,7497400,VHM
2023-11-15 07:00:00,41.8,42.6,41.35,41.45,8585400,VHM
2023-11-16 07:00:00,41.4,41.65,40.8,41.15,5394800,VHM
2023-11-17 07:00:00,41.3,41.75,38.5,38.95,16313600,VHM
2023-11-20 07:00:00,38.5,39.5,38.3,38.95,4897600,VHM
2023-11-21 07:00:00,39.75,39.75,38.9,39.1,4789100,VHM
2023-11-22 07:00:00,39.4,39.6,38.85,39.0,4807600,VHM
2023-11-23 07:00:00,39.35,39.95,39.0,39.0,7659600,VHM
2023-11-24 07:00:00,39.0,39.2,38.05,39.1,7382900,VHM
2023-11-27 07:00:00,39.1,40.0,39.1,39.8,5710600,VHM
2023-11-28 07:00:00,39.8,40.75,39.65,40.75,7384400,VHM
2023-11-29 07:00:00,41.05,41.3,40.75,41.2,4209300,VHM
2023-11-30 07:00:00,41.2,41.35,40.6,41.3,7741700,VHM
2023-12-01 07:00:00,41.3,41.4,40.4,40.9,6970800,VHM
2023-12-04 07:00:00,40.95,41.5,40.85,41.3,8136700,VHM
2023-12-05 07:00:00,41.5,41.5,40.5,40.5,8300600,VHM
2023-12-06 07:00:00,40.5,40.55,39.65,40.45,10848000,VHM
2023-12-07 07:00:00,40.45,40.55,39.4,39.7,11343000,VHM
2023-12-08 07:00:00,39.7,40.1,39.45,39.65,9893700,VHM
2023-12-11 07:00:00,40.15,41.3,40.1,41.0,8699000,VHM
2023-12-12 07:00:00,41.0,41.3,40.75,41.05,6169100,VHM
2023-12-13 07:00:00,41.2,41.65,40.65,40.75,9940000,VHM
2023-12-14 07:00:00,41.1,41.25,40.25,40.3,4704300,VHM
2023-12-15 07:00:00,40.45,40.55,39.85,39.9,6799900,VHM
2023-12-18 07:00:00,40.2,40.2,39.85,39.9,3563400,VHM
2023-12-19 07:00:00,39.9,39.95,39.3,39.5,5227500,VHM
2023-12-20 07:00:00,39.85,39.95,39.5,39.95,2356600,VHM
2023-12-21 07:00:00,39.7,40.45,39.65,40.2,3556500,VHM
2023-12-22 07:00:00,40.2,40.4,40.0,40.3,3289400,VHM
2023-12-25 07:00:00,40.3,41.25,40.3,41.2,5957700,VHM
2023-12-26 07:00:00,41.5,42.2,41.3,41.9,10394700,VHM
2023-12-27 07:00:00,42.0,42.15,41.85,41.9,6034200,VHM
2023-12-28 07:00:00,42.1,43.8,42.05,43.7,13129900,VHM
2023-12-29 07:00:00,44.05,44.1,43.2,43.2,5324500,VHM
2024-01-02 07:00:00,43.3,43.75,42.55,43.0,7588500,VHM
2024-01-03 07:00:00,42.6,43.4,42.55,43.4,6112600,VHM
2024-01-04 07:00:00,43.55,43.7,43.25,43.45,8778000,VHM
2024-01-05 07:00:00,43.45,43.55,43.05,43.1,4508700,VHM
2024-01-08 07:00:00,43.2,43.85,42.9,43.35,6213900,VHM
2024-01-09 07:00:00,43.15,43.3,42.65,43.0,6377100,VHM
2024-01-10 07:00:00,43.0,43.0,42.1,42.7,6789400,VHM
2024-01-11 07:00:00,42.5,43.05,42.0,42.0,6969000,VHM
2024-01-12 07:00:00,41.8,41.9,40.9,41.3,8327100,VHM
2024-01-15 07:00:00,41.8,41.85,41.4,41.6,3149500,VHM
2024-01-16 07:00:00,41.6,42.65,41.45,42.65,3774400,VHM
2024-01-17 07:00:00,42.65,42.85,41.9,41.9,6343500,VHM
2024-01-18 07:00:00,42.25,43.5,42.05,43.2,8938800,VHM
2024-01-19 07:00:00,43.35,43.6,43.0,43.05,5531400,VHM
2024-01-22 07:00:00,43.35,43.45,42.8,43.0,4709100,VHM
2024-01-23 07:00:00,43.05,43.2,42.3,42.35,5255800,VHM
2024-01-24 07:00:00,42.35,42.95,42.3,42.5,2741200,VHM
2024-01-25 07:00:00,42.5,42.5,42.05,42.1,2295400,VHM
2024-01-26 07:00:00,42.2,42.5,42.0,42.0,4351500,VHM
2024-01-29 07:00:00,42.3,42.3,41.8,41.8,3166200,VHM
2024-01-30 07:00:00,41.8,42.3,41.7,42.0,2908300,VHM
2024-01-31 07:00:00,42.05,42.25,41.5,41.5,6307100,VHM
2024-02-01 07:00:00,41.35,41.5,41.1,41.2,7107200,VHM
2024-02-02 07:00:00,41.5,42.1,41.15,41.2,5775300,VHM
2024-02-05 07:00:00,41.4,41.6,41.1,41.25,3361500,VHM
2024-02-06 07:00:00,41.4,41.45,41.0,41.0,5535300,VHM
2024-02-07 07:00:00,41.05,41.85,41.0,41.8,3768900,VHM
2024-02-15 07:00:00,42.15,42.2,41.8,41.95,4317100,VHM
2024-02-16 07:00:00,42.15,42.8,41.95,42.7,6024400,VHM
2024-02-19 07:00:00,43.0,45.65,42.9,45.55,20156400,VHM
2024-02-20 07:00:00,46.0,46.7,45.85,46.15,12925600,VHM
2024-02-21 07:00:00,46.1,46.1,44.8,45.0,8945700,VHM
2024-02-22 07:00:00,45.1,45.45,44.8,44.8,6809700,VHM
2024-02-23 07:00:00,45.0,45.1,43.25,43.3,11753200,VHM
2024-02-26 07:00:00,43.45,43.85,43.1,43.35,7000000,VHM
2024-02-27 07:00:00,43.75,44.2,43.3,44.2,7158700,VHM
2024-02-28 07:00:00,44.45,44.9,44.0,44.4,6283200,VHM
2024-02-29 07:00:00,44.55,44.7,43.4,43.4,11041300,VHM
2024-03-01 07:00:00,43.7,44.2,43.3,43.95,6873900,VHM
2024-03-04 07:00:00,44.05,44.6,43.8,43.95,7036300,VHM
2024-03-05 07:00:00,43.95,44.25,43.3,43.65,7690200,VHM
2024-03-06 07:00:00,43.65,44.55,43.05,43.1,11322800,VHM
2024-03-07 07:00:00,43.3,43.3,42.85,43.2,7314700,VHM
2024-03-08 07:00:00,43.5,43.6,42.55,42.55,9526300,VHM
2024-03-11 07:00:00,42.6,43.0,42.5,42.55,6056200,VHM
2024-03-12 07:00:00,42.55,42.9,42.35,42.7,4756200,VHM
2024-03-13 07:00:00,42.8,43.0,42.5,42.95,7332900,VHM
2024-03-14 07:00:00,43.4,43.8,42.8,42.9,12606200,VHM
2024-03-15 07:00:00,42.9,43.15,42.4,42.4,9885200,VHM
2024-03-18 07:00:00,42.65,43.15,41.3,42.1,14785500,VHM
2024-03-19 07:00:00,42.35,43.05,41.85,42.9,9464300,VHM
2024-03-20 07:00:00,43.0,43.0,42.2,42.5,5436900,VHM
2024-03-21 07:00:00,42.85,43.05,42.55,42.9,10978300,VHM
2024-03-22 07:00:00,43.2,43.5,42.6,42.8,9996800,VHM
2024-03-25 07:00:00,43.0,43.35,42.4,42.55,10309500,VHM
2024-03-26 07:00:00,42.7,42.9,42.45,42.75,4263700,VHM
2024-03-27 07:00:00,42.9,42.9,42.5,42.5,7551900,VHM
2024-03-28 07:00:00,42.8,44.05,42.6,43.3,18563500,VHM
2024-03-29 07:00:00,43.4,43.7,42.85,42.85,7686900,VHM
2024-04-01 07:00:00,42.9,43.15,42.65,42.9,7517900,VHM
2024-04-02 07:00:00,42.7,43.15,42.2,43.15,13758100,VHM
2024-04-03 07:00:00,43.15,43.75,42.9,43.1,11837400,VHM
2024-04-04 07:00:00,42.8,43.2,42.75,43.0,9666700,VHM
2024-04-05 07:00:00,42.7,43.1,42.4,42.95,13464400,VHM
2024-04-08 07:00:00,43.05,43.1,42.4,43.0,16737700,VHM
2024-04-09 07:00:00,43.1,43.2,42.9,43.2,10943800,VHM
2024-04-10 07:00:00,43.55,44.65,43.45,44.2,24322200,VHM
2024-04-11 07:00:00,44.25,44.25,43.75,44.15,14565300,VHM
2024-04-12 07:00:00,44.5,44.8,44.3,44.5,16822800,VHM
2024-04-15 07:00:00,44.5,44.5,42.2,42.4,20416500,VHM
2024-04-16 07:00:00,42.4,42.8,40.75,42.7,16847800,VHM
2024-04-17 07:00:00,43.0,43.05,41.55,41.8,10862100,VHM
2024-04-19 07:00:00,40.95,41.5,40.3,41.5,12526800,VHM
2024-04-22 07:00:00,41.5,41.8,40.65,41.45,9173300,VHM
2024-04-23 07:00:00,41.0,41.4,40.2,40.2,8623200,VHM
2024-04-24 07:00:00,40.35,40.9,40.25,40.6,5041500,VHM
2024-04-25 07:00:00,40.85,40.85,40.4,40.7,2989100,VHM
2024-04-26 07:00:00,40.4,41.05,40.3,40.8,4704400,VHM
2024-05-02 07:00:00,40.8,41.25,40.35,41.15,4570000,VHM
2024-05-03 07:00:00,41.3,41.4,40.85,41.1,4391600,VHM
2024-05-06 07:00:00,41.15,41.2,40.85,41.15,4944600,VHM
2024-05-07 07:00:00,41.25,41.25,40.9,41.05,4276900,VHM
2024-05-08 07:00:00,41.0,41.0,40.5,40.9,6625700,VHM
2024-05-09 07:00:00,41.0,41.75,40.85,40.95,7299700,VHM
2024-05-10 07:00:00,41.0,41.1,40.35,40.35,7276500,VHM
2024-05-13 07:00:00,40.45,40.55,39.7,40.1,9093900,VHM
2024-05-14 07:00:00,41.1,41.25,40.15,40.15,6866000,VHM
2024-05-15 07:00:00,40.2,40.4,40.05,40.25,6594800,VHM
2024-05-16 07:00:00,40.3,40.4,40.15,40.25,8259700,VHM
2024-05-17 07:00:00,40.35,41.2,40.2,40.85,13307900,VHM
2024-05-20 07:00:00,41.05,41.25,40.45,40.45,9537100,VHM
2024-05-21 07:00:00,40.5,40.75,40.05,40.2,9640200,VHM
2024-05-22 07:00:00,40.2,41.65,40.2,40.35,11927800,VHM
2024-05-23 07:00:00,40.45,40.55,40.1,40.55,6387700,VHM
2024-05-24 07:00:00,40.4,40.55,39.75,39.8,12912200,VHM
2024-05-27 07:00:00,39.85,40.05,39.75,39.8,4620900,VHM
2024-05-28 07:00:00,39.85,40.05,39.75,39.95,5555700,VHM
2024-05-29 07:00:00,40.0,40.1,39.45,39.45,8030400,VHM
2024-05-30 07:00:00,39.45,39.5,39.0,39.0,6423700,VHM
2024-05-31 07:00:00,39.2,39.65,38.85,38.85,5851700,VHM
2024-06-03 07:00:00,39.2,39.4,39.1,39.3,5242000,VHM
2024-06-04 07:00:00,39.4,40.2,39.4,39.4,7955300,VHM
2024-06-05 07:00:00,39.55,39.9,39.3,39.3,6216300,VHM
2024-06-06 07:00:00,39.4,39.6,39.0,39.05,5109000,VHM
2024-06-07 07:00:00,39.3,39.3,39.0,39.0,4519500,VHM
2024-06-10 07:00:00,39.15,39.2,38.85,38.9,6320000,VHM
2024-06-11 07:00:00,38.9,38.95,38.15,38.15,14398100,VHM
2024-06-12 07:00:00,38.15,38.85,37.7,38.5,12376600,VHM
2024-06-13 07:00:00,38.55,38.7,38.1,38.25,5989600,VHM
2024-06-14 07:00:00,38.4,38.85,38.05,38.2,8589700,VHM
2024-06-17 07:00:00,38.25,38.5,37.9,38.3,8594600,VHM
2024-06-18 07:00:00,38.5,38.5,38.2,38.3,6588500,VHM
2024-06-19 07:00:00,38.3,38.35,37.75,38.0,7996800,VHM
2024-06-20 07:00:00,37.9,38.0,37.55,38.0,7587500,VHM
2024-06-21 07:00:00,37.75,37.8,37.45,37.75,13031100,VHM
2024-06-24 07:00:00,37.75,38.2,37.1,37.45,7671000,VHM
2024-06-25 07:00:00,37.3,38.05,37.2,37.8,6350100,VHM
2024-06-26 07:00:00,37.8,38.15,37.5,37.5,4536500,VHM
2024-06-27 07:00:00,37.5,37.85,37.35,37.6,3454200,VHM
2024-06-28 07:00:00,37.6,37.75,37.3,37.65,5965200,VHM
2024-07-01 07:00:00,37.65,37.7,37.1,37.7,4515600,VHM
2024-07-02 07:00:00,37.75,38.35,37.55,38.15,5422700,VHM
2024-07-03 07:00:00,38.05,38.2,37.7,38.1,5232800,VHM
2024-07-04 07:00:00,38.1,38.5,37.8,38.45,7464400,VHM
2024-07-05 07:00:00,38.3,38.5,37.95,38.45,6571700,VHM
2024-07-08 07:00:00,38.15,38.4,37.8,38.0,7921400,VHM
2024-07-09 07:00:00,38.0,38.3,37.8,38.3,8194900,VHM
2024-07-10 07:00:00,38.35,38.4,37.95,38.25,5450000,VHM
2024-07-11 07:00:00,38.25,38.7,38.1,38.45,8802600,VHM
2024-07-12 07:00:00,38.5,38.85,38.3,38.5,5136100,VHM
2024-07-15 07:00:00,38.5,38.5,37.8,38.0,4886700,VHM
2024-07-16 07:00:00,37.8,38.05,37.65,37.9,4765700,VHM
2024-07-17 07:00:00,37.9,37.9,36.8,37.3,7031600,VHM
2024-07-18 07:00:00,37.25,37.45,36.7,37.45,6284400,VHM
2024-07-19 07:00:00,37.7,38.2,37.55,37.85,6180800,VHM
2024-07-22 07:00:00,38.0,38.0,37.3,37.9,5135700,VHM
2024-07-23 07:00:00,37.65,37.95,37.35,37.85,4859200,VHM
2024-07-24 07:00:00,37.6,37.85,37.4,37.85,4430000,VHM
2024-07-25 07:00:00,37.6,38.3,37.55,37.8,6224500,VHM
2024-07-26 07:00:00,37.8,37.9,37.5,37.75,3908300,VHM
2024-07-29 07:00:00,37.75,37.9,37.1,37.1,4356000,VHM
2024-07-30 07:00:00,37.1,37.2,36.7,36.7,4684400,VHM
2024-07-31 07:00:00,36.85,37.05,36.65,36.7,3718200,VHM
2024-08-01 07:00:00,36.75,37.0,36.0,36.45,6190900,VHM
2024-08-02 07:00:00,36.05,36.3,34.6,36.0,8614000,VHM
2024-08-05 07:00:00,35.2,35.7,34.0,34.5,9956500,VHM
2024-08-06 07:00:00,34.8,34.8,34.0,34.8,5853400,VHM
2024-08-07 07:00:00,36.95,37.2,36.6,37.2,36732700,VHM
2024-08-08 07:00:00,37.5,38.1,36.95,37.6,8833300,VHM
2024-08-09 07:00:00,37.8,37.8,36.8,37.2,8691600,VHM
2024-08-12 07:00:00,37.15,37.15,36.35,36.5,8353000,VHM
2024-08-13 07:00:00,36.35,36.65,35.85,36.35,7145900,VHM
2024-08-14 07:00:00,36.35,37.4,36.0,37.2,10119200,VHM
2024-08-15 07:00:00,37.5,38.3,37.15,37.85,17778700,VHM
2024-08-16 07:00:00,38.2,38.7,38.0,38.4,14796100,VHM
2024-08-19 07:00:00,38.6,38.8,38.2,38.6,10779700,VHM
2024-08-20 07:00:00,38.6,39.8,38.5,39.4,17552300,VHM
2024-08-21 07:00:00,39.25,39.75,38.9,39.75,13661500,VHM
2024-08-22 07:00:00,39.75,40.15,39.5,39.8,9224500,VHM
2024-08-23 07:00:00,39.6,40.0,39.35,39.75,9340600,VHM
2024-08-26 07:00:00,39.85,40.75,39.85,40.5,15625100,VHM
2024-08-27 07:00:00,40.5,42.3,40.35,41.4,18219300,VHM
2024-08-28 07:00:00,41.7,41.8,40.6,40.9,11199200,VHM
2024-08-29 07:00:00,40.85,41.5,40.7,41.5,9304200,VHM
2024-08-30 07:00:00,41.5,41.65,41.1,41.5,11320600,VHM
2024-09-04 07:00:00,41.0,42.5,41.0,42.5,13810200,VHM
2024-09-05 07:00:00,42.7,44.45,42.7,43.75,22146100,VHM
2024-09-06 07:00:00,44.0,44.0,43.25,43.9,10230400,VHM
2024-09-09 07:00:00,43.65,43.65,43.0,43.0,10300900,VHM
2024-09-10 07:00:00,43.15,43.55,42.15,42.8,12930600,VHM
2024-09-11 07:00:00,42.55,43.15,41.75,43.0,13399000,VHM
2024-09-12 07:00:00,43.4,43.5,43.1,43.1,5663400,VHM
2024-09-13 07:00:00,43.05,43.4,42.7,43.0,5405000,VHM
2024-09-16 07:00:00,42.85,42.9,41.75,41.75,8361100,VHM
2024-09-17 07:00:00,41.75,44.0,41.7,44.0,15786300,VHM
2024-09-18 07:00:00,44.1,45.15,43.9,43.9,12485300,VHM
2024-09-19 07:00:00,43.9,44.4,43.75,44.15,9903100,VHM
2024-09-20 07:00:00,44.2,44.9,43.7,43.75,25318400,VHM
2024-09-23 07:00:00,43.8,44.1,43.15,43.65,7376000,VHM
2024-09-24 07:00:00,43.65,44.25,43.45,44.25,6958300,VHM
2024-09-25 07:00:00,44.4,44.4,43.8,44.15,10672900,VHM
2024-09-26 07:00:00,44.2,44.6,44.1,44.4,12259400,VHM
2024-09-27 07:00:00,44.5,44.6,43.0,43.4,16363400,VHM
2024-09-30 07:00:00,43.5,43.5,42.55,42.8,9129100,VHM
2024-10-01 07:00:00,42.9,44.1,42.9,43.45,11220500,VHM
2024-10-02 07:00:00,43.05,43.45,42.85,43.4,7970100,VHM
2024-10-03 07:00:00,43.0,43.25,41.6,41.6,26887200,VHM
2024-10-04 07:00:00,41.55,41.95,41.15,41.5,6764300,VHM
2024-10-07 07:00:00,41.65,41.8,40.9,41.2,7224100,VHM
2024-10-08 07:00:00,41.45,41.6,40.7,41.6,8581400,VHM
2024-10-09 07:00:00,41.65,42.55,41.6,42.5,6742900,VHM
2024-10-10 07:00:00,42.7,42.9,42.15,42.15,5446300,VHM
2024-10-11 07:00:00,42.45,43.8,42.3,43.6,15621000,VHM
2024-10-14 07:00:00,45.5,46.4,45.1,45.35,20737100,VHM
2024-10-15 07:00:00,45.5,45.5,44.6,44.65,9219500,VHM
2024-10-16 07:00:00,44.5,45.2,44.45,45.0,6821300,VHM
2024-10-17 07:00:00,45.1,45.5,44.8,45.1,6677100,VHM
2024-10-18 07:00:00,45.7,46.0,45.15,45.25,8960800,VHM
2024-10-21 07:00:00,45.5,47.8,45.5,47.8,21162900,VHM
2024-10-22 07:00:00,48.15,48.55,47.4,48.25,12671300,VHM
2024-10-23 07:00:00,48.25,48.35,46.5,47.0,33349400,VHM
2024-10-24 07:00:00,46.6,46.75,43.85,43.85,33609900,VHM
2024-10-25 07:00:00,44.55,44.65,43.5,43.85,24552700,VHM
2024-10-28 07:00:00,43.7,44.25,42.5,42.7,19543500,VHM
2024-10-29 07:00:00,42.95,43.05,42.55,42.75,17360800,VHM
2024-10-30 07:00:00,43.0,43.0,40.85,41.15,31820300,VHM
2024-10-31 07:00:00,41.15,41.55,40.45,41.5,23739900,VHM
2024-11-01 07:00:00,41.5,42.2,41.3,41.5,16952200,VHM
2024-11-04 07:00:00,41.5,41.5,40.55,41.5,19838000,VHM
2024-11-05 07:00:00,41.5,41.8,41.25,41.5,14140300,VHM
2024-11-06 07:00:00,41.5,41.7,41.3,41.55,15064600,VHM
2024-11-07 07:00:00,41.7,41.7,41.3,41.4,15995700,VHM
2024-11-08 07:00:00,41.3,41.35,40.0,40.0,22517000,VHM
2024-11-11 07:00:00,40.0,40.85,39.25,40.6,15312100,VHM
2024-11-12 07:00:00,40.6,41.35,40.3,40.3,16217500,VHM
2024-11-13 07:00:00,40.3,40.7,40.15,40.3,14066600,VHM
2024-11-14 07:00:00,40.35,41.1,40.3,40.35,16947200,VHM
2024-11-15 07:00:00,40.35,40.6,40.0,40.25,17024300,VHM
2024-11-18 07:00:00,40.3,40.8,39.6,40.8,23032900,VHM
2024-11-19 07:00:00,40.9,42.25,40.9,42.2,26469700,VHM
2024-11-20 07:00:00,42.2,43.4,41.75,43.3,28417400,VHM
2024-11-21 07:00:00,43.25,43.7,42.85,43.3,34404900,VHM
2024-11-22 07:00:00,42.65,42.75,41.6,41.6,9091600,VHM
2024-11-25 07:00:00,41.5,42.95,41.45,42.7,4401200,VHM
2024-11-26 07:00:00,42.7,43.3,42.4,42.4,4289500,VHM
2024-11-27 07:00:00,42.2,42.85,41.9,41.9,3650400,VHM
2024-11-28 07:00:00,42.25,42.35,41.1,41.1,6514200,VHM
2024-11-29 07:00:00,41.3,41.3,40.75,40.8,5524400,VHM
2024-12-02 07:00:00,41.1,41.15,40.75,40.75,3781200,VHM
2024-12-03 07:00:00,40.8,41.3,40.5,40.9,5187200,VHM
2024-12-04 07:00:00,40.7,40.85,40.1,40.1,5167400,VHM
2024-12-05 07:00:00,40.5,41.8,40.2,41.4,4852800,VHM
2024-12-06 07:00:00,41.6,42.0,41.2,41.5,4870000,VHM
2024-12-09 07:00:00,41.5,41.9,41.4,41.45,3619100,VHM
2024-12-10 07:00:00,41.45,41.65,40.95,40.95,4579300,VHM
2024-12-11 07:00:00,40.95,41.35,40.8,40.85,4020600,VHM
2024-12-12 07:00:00,40.9,41.15,40.75,40.75,2984800,VHM
2024-12-13 07:00:00,40.7,40.8,40.5,40.65,3126900,VHM
2024-12-16 07:00:00,40.65,41.15,40.55,40.95,2668000,VHM
2024-12-17 07:00:00,41.0,41.4,40.8,41.3,3708600,VHM
2024-12-18 07:00:00,41.3,41.6,40.9,40.9,2431900,VHM
2024-12-19 07:00:00,40.6,40.75,40.2,40.2,5724800,VHM
2024-12-20 07:00:00,40.4,40.45,40.2,40.35,3475300,VHM
2024-12-23 07:00:00,40.8,40.85,40.4,40.6,1992400,VHM
2024-12-24 07:00:00,40.5,40.6,40.1,40.35,3214900,VHM
2024-12-25 07:00:00,40.5,40.75,40.35,40.6,3559700,VHM
2024-12-26 07:00:00,40.75,41.3,40.65,40.65,3690900,VHM
2024-12-27 07:00:00,40.8,41.05,40.35,40.35,2847200,VHM
2024-12-30 07:00:00,40.45,40.6,40.3,40.3,2516300,VHM
2024-12-31 07:00:00,40.5,40.5,40.0,40.0,4191900,VHM
2025-01-02 07:00:00,40.1,40.2,39.95,40.0,3009900,VHM
2025-01-03 07:00:00,40.05,40.05,39.75,40.0,4269100,VHM
2025-01-06 07:00:00,40.0,40.0,39.75,40.0,3321300,VHM
2025-01-07 07:00:00,39.85,40.05,39.85,40.0,2849700,VHM
2025-01-08 07:00:00,40.0,40.05,39.7,40.0,2438700,VHM
2025-01-09 07:00:00,40.0,41.05,40.0,40.4,4211400,VHM
2025-01-10 07:00:00,40.4,40.7,39.9,40.0,2320000,VHM
2025-01-13 07:00:00,39.8,40.0,38.7,40.0,3978900,VHM
2025-01-14 07:00:00,39.7,40.0,39.4,40.0,5407600,VHM
2025-01-15 07:00:00,40.0,40.1,39.8,40.0,2707200,VHM
2025-01-16 07:00:00,40.2,40.65,40.0,40.0,5138800,VHM
2025-01-17 07:00:00,40.1,40.1,39.85,40.1,4153100,VHM
2025-01-20 07:00:00,40.0,40.2,39.9,40.0,2996900,VHM
2025-01-21 07:00:00,40.0,40.15,39.8,40.0,4494600,VHM
2025-01-22 07:00:00,40.0,40.0,39.5,39.5,3640500,VHM
2025-01-23 07:00:00,39.55,39.95,39.25,39.5,4632800,VHM
2025-01-24 07:00:00,39.5,39.8,39.4,39.5,4838500,VHM
2025-02-03 07:00:00,39.55,39.55,38.85,39.0,4738800,VHM
2025-02-04 07:00:00,38.95,39.15,38.55,38.75,6222400,VHM
2025-02-05 07:00:00,39.0,39.45,38.85,38.85,2719200,VHM
2025-02-06 07:00:00,39.0,39.2,38.8,38.8,2817600,VHM
2025-02-07 07:00:00,38.85,39.05,38.75,38.75,3013800,VHM
2025-02-10 07:00:00,38.7,38.75,37.8,37.8,5850900,VHM
2025-02-11 07:00:00,37.85,37.9,37.6,37.75,5898800,VHM
2025-02-12 07:00:00,37.8,38.3,37.8,38.0,3808700,VHM
2025-02-13 07:00:00,37.9,38.9,37.9,38.75,4922700,VHM
2025-02-14 07:00:00,38.95,39.05,38.75,38.8,4245600,VHM
2025-02-17 07:00:00,38.8,39.15,38.7,38.8,4038700,VHM
2025-02-18 07:00:00,38.9,39.2,38.85,38.9,3087100,VHM
2025-02-19 07:00:00,39.15,39.15,38.8,39.1,2932700,VHM
2025-02-20 07:00:00,39.2,40.8,39.15,40.55,11106700,VHM
2025-02-21 07:00:00,40.7,40.7,40.25,40.3,3893300,VHM
2025-02-24 07:00:00,40.1,40.3,39.95,40.25,4771900,VHM
2025-02-25 07:00:00,40.3,41.25,40.3,40.75,5566600,VHM
2025-02-26 07:00:00,40.8,40.9,40.5,40.7,4187200,VHM
2025-02-27 07:00:00,40.75,41.15,40.6,41.05,6360000,VHM
2025-02-28 07:00:00,41.05,41.6,40.85,41.2,8394500,VHM
2025-03-03 07:00:00,41.3,42.55,41.2,42.55,9467900,VHM
2025-03-04 07:00:00,42.55,43.15,42.05,42.05,11264800,VHM
2025-03-05 07:00:00,42.05,43.0,42.05,42.7,10682200,VHM
2025-03-06 07:00:00,42.85,43.6,42.85,43.6,11952800,VHM
2025-03-07 07:00:00,43.6,45.75,43.3,44.95,17823300,VHM
2025-03-10 07:00:00,45.0,45.8,44.7,45.3,12066400,VHM
2025-03-11 07:00:00,44.6,45.55,44.2,45.5,12103400,VHM
2025-03-12 07:00:00,45.4,47.3,45.4,46.95,15641200,VHM
2025-03-13 07:00:00,47.0,49.55,46.55,47.8,22269900,VHM
2025-03-14 07:00:00,47.7,48.9,47.7,47.9,16861700,VHM
2025-03-17 07:00:00,47.95,48.0,46.8,47.8,11017800,VHM
2025-03-18 07:00:00,47.6,48.75,46.8,47.3,12239500,VHM
2025-03-19 07:00:00,46.8,47.9,46.25,47.35,13442500,VHM
2025-03-20 07:00:00,47.35,48.2,46.95,47.35,13458400,VHM
2025-03-21 07:00:00,47.1,48.4,47.1,48.25,13695700,VHM
2025-03-24 07:00:00,48.45,51.4,48.35,51.3,15552100,VHM
2025-03-25 07:00:00,51.9,52.5,51.1,51.5,12918800,VHM
2025-03-26 07:00:00,51.8,52.2,50.2,51.5,9611000,VHM
2025-03-27 07:00:00,51.5,51.7,50.5,51.2,7904300,VHM
2025-03-28 07:00:00,51.1,51.9,50.7,51.2,8166000,VHM
2025-03-31 07:00:00,51.2,51.6,51.0,51.3,9374200,VHM
2025-04-01 07:00:00,51.8,53.5,51.5,53.0,11851000,VHM
2025-04-02 07:00:00,53.2,53.6,52.6,53.0,10657600,VHM
2025-04-03 07:00:00,50.3,51.6,49.3,49.3,23521900,VHM
2025-04-04 07:00:00,46.1,50.6,46.1,50.3,21595400,VHM
2025-04-08 07:00:00,48.7,49.5,46.8,47.0,21438100,VHM
2025-04-09 07:00:00,45.6,48.8,45.6,48.5,15153600,VHM
2025-04-10 07:00:00,51.8,51.8,51.8,51.8,752100,VHM
2025-04-11 07:00:00,51.8,53.7,51.0,53.5,14557800,VHM
2025-04-14 07:00:00,54.0,57.2,53.7,57.2,16827300,VHM
2025-04-15 07:00:00,57.9,60.5,57.2,57.5,15962600,VHM
2025-04-16 07:00:00,57.0,57.9,55.0,56.5,10845000,VHM
2025-04-17 07:00:00,56.0,56.8,54.8,56.8,6338100,VHM
2025-04-18 07:00:00,56.8,57.0,53.3,55.0,13530600,VHM
2025-04-21 07:00:00,54.1,55.4,53.4,55.0,7721400,VHM
2025-04-22 07:00:00,55.0,58.0,52.4,57.5,10732600,VHM
2025-04-23 07:00:00,58.2,58.5,57.0,58.5,10647900,VHM
2025-04-24 07:00:00,58.5,61.8,57.6,61.2,12662600,VHM
2025-04-25 07:00:00,61.0,62.5,60.1,62.3,11381200,VHM
2025-04-28 07:00:00,62.1,62.1,58.5,58.5,7393800,VHM
2025-04-29 07:00:00,58.5,58.8,57.0,58.4,4737800,VHM
2025-05-05 07:00:00,58.5,61.4,58.5,60.9,6070700,VHM
2025-05-06 07:00:00,61.0,61.7,60.5,60.9,4955900,VHM
2025-05-07 07:00:00,60.1,62.4,60.1,62.0,5073600,VHM
2025-05-08 07:00:00,62.0,63.4,61.5,62.2,8829200,VHM
2025-05-09 07:00:00,62.0,62.8,61.6,62.2,6170600,VHM
2025-05-12 07:00:00,62.2,62.8,61.8,62.3,5743300,VHM
2025-05-13 07:00:00,61.8,62.5,60.9,62.0,6806700,VHM
2025-05-14 07:00:00,61.7,62.0,60.4,60.4,6555600,VHM
2025-05-15 07:00:00,60.2,60.3,57.1,58.0,17963700,VHM
2025-05-16 07:00:00,57.6,59.0,57.4,58.0,7352000,VHM
2025-05-19 07:00:00,58.1,60.6,58.1,58.8,5269600,VHM
2025-05-20 07:00:00,59.6,62.9,59.6,62.9,21911900,VHM
2025-05-21 07:00:00,67.3,67.3,65.3,67.3,14973300,VHM
2025-05-22 07:00:00,66.9,71.0,66.8,68.1,10234400,VHM
2025-05-23 07:00:00,68.6,69.8,67.3,68.8,7306800,VHM
2025-05-26 07:00:00,69.0,73.5,65.7,73.5,11890300,VHM
2025-05-27 07:00:00,74.6,74.7,71.2,74.3,7721600,VHM
2025-05-28 07:00:00,74.0,76.1,72.8,75.7,8900600,VHM
2025-05-29 07:00:00,75.7,76.9,74.1,76.9,7947900,VHM
2025-05-30 07:00:00,76.5,78.3,76.1,77.6,5891000,VHM
2025-06-02 07:00:00,77.6,77.9,74.5,77.0,4823400,VHM
2025-06-03 07:00:00,76.5,77.6,76.1,77.6,4772300,VHM
2025-06-04 07:00:00,77.6,77.6,76.1,77.1,6531300,VHM
2025-06-05 07:00:00,76.1,77.0,75.6,76.8,5299500,VHM
2025-06-06 07:00:00,75.7,76.5,75.0,76.0,6491000,VHM
2025-06-09 07:00:00,75.4,75.9,70.7,70.7,5889800,VHM
2025-06-10 07:00:00,68.5,72.9,68.5,72.6,9459500,VHM
2025-06-11 07:00:00,72.0,72.6,70.9,72.1,2691600,VHM
2025-06-12 07:00:00,72.1,72.4,68.6,70.0,4967500,VHM
2025-06-13 07:00:00,68.1,68.9,66.3,68.4,5516900,VHM
2025-06-16 07:00:00,66.5,68.2,66.4,67.4,4873300,VHM
2025-06-17 07:00:00,67.9,71.1,67.0,69.6,4053500,VHM
2025-06-18 07:00:00,70.0,71.4,69.2,71.4,3857400,VHM
2025-06-19 07:00:00,72.0,73.5,71.0,71.7,5384700,VHM
2025-06-20 07:00:00,71.5,71.5,70.2,70.2,8925000,VHM
2025-06-23 07:00:00,70.1,74.5,69.1,74.0,5368900,VHM
2025-06-24 07:00:00,75.5,77.3,74.1,77.3,7834300,VHM
2025-06-25 07:00:00,76.9,78.9,76.3,77.9,4824700,VHM
2025-06-26 07:00:00,77.3,77.8,75.7,76.0,4678200,VHM
2025-06-27 07:00:00,76.5,77.4,74.0,77.0,4778100,VHM
2025-06-30 07:00:00,77.0,77.0,76.0,76.7,3763700,VHM
2025-07-01 07:00:00,76.4,76.7,74.8,76.3,3857900,VHM
2025-07-02 07:00:00,75.3,76.1,74.7,76.0,4378300,VHM
2025-07-03 07:00:00,75.2,76.8,75.2,76.3,3218300,VHM
2025-07-04 07:00:00,76.3,76.4,75.2,76.0,3225500,VHM
2025-07-07 07:00:00,75.7,76.9,75.3,76.9,3506300,VHM
2025-07-08 07:00:00,76.9,79.5,76.8,79.2,4291400,VHM
2025-07-09 07:00:00,79.3,82.0,79.3,81.8,4103300,VHM
2025-07-10 07:00:00,82.0,86.5,81.7,86.0,7101900,VHM
2025-07-11 07:00:00,86.7,89.6,86.7,87.9,5177500,VHM
2025-07-14 07:00:00,89.8,91.0,86.1,88.8,5761800,VHM
2025-07-15 07:00:00,88.8,88.8,87.0,87.4,4157200,VHM
2025-07-16 07:00:00,87.3,89.5,86.7,88.0,4188500,VHM
2025-07-17 07:00:00,88.3,94.1,88.3,94.1,8831400,VHM
2025-07-18 07:00:00,95.2,98.0,94.1,96.0,5216100,VHM
2025-07-21 07:00:00,96.1,96.4,91.1,92.0,5658700,VHM
2025-07-22 07:00:00,91.2,95.6,90.0,95.5,4103700,VHM
2025-07-23 07:00:00,95.7,95.7,92.2,92.2,4318500,VHM
2025-07-24 07:00:00,92.3,92.5,87.9,92.0,8027000,VHM
2025-07-25 07:00:00,90.3,93.7,90.2,93.7,2777400,VHM
2025-07-28 07:00:00,93.7,96.0,92.0,95.6,7219800,VHM
2025-07-29 07:00:00,94.5,94.7,92.1,92.1,3992500,VHM
2025-07-30 07:00:00,92.1,92.5,89.0,91.5,5198000,VHM
2025-07-31 07:00:00,89.7,91.5,88.2,90.0,7811500,VHM
2025-08-01 07:00:00,90.0,90.6,87.8,89.9,8402600,VHM
2025-08-04 07:00:00,89.8,93.8,88.5,92.2,4704900,VHM
2025-08-05 07:00:00,93.0,98.5,92.0,96.0,10115900,VHM
2025-08-06 07:00:00,96.0,97.6,93.2,97.5,5504600,VHM
2025-08-07 07:00:00,97.6,97.7,94.4,95.0,5036500,VHM
2025-08-08 07:00:00,93.5,95.5,93.0,94.8,3496000,VHM
2025-08-11 07:00:00,94.8,95.0,93.1,93.5,4480200,VHM
2025-08-12 07:00:00,93.1,93.4,91.9,93.0,5154100,VHM
2025-08-13 07:00:00,93.0,93.1,91.0,93.0,5374600,VHM
2025-08-14 07:00:00,93.1,95.5,92.3,93.9,5541700,VHM
2025-08-15 07:00:00,95.0,98.5,92.2,94.0,7256100,VHM
2025-08-18 07:00:00,94.1,94.1,92.0,93.9,4501300,VHM
2025-08-19 07:00:00,93.6,94.5,92.2,93.9,4158500,VHM
2025-08-20 07:00:00,94.0,99.0,92.7,99.0,9090600,VHM
2025-08-21 07:00:00,97.0,99.9,97.0,99.8,4878600,VHM
2025-08-22 07:00:00,97.5,99.0,95.3,98.1,6239700,VHM
2025-08-25 07:00:00,98.0,101.9,96.5,98.4,5063900,VHM
2025-08-26 07:00:00,98.4,105.2,97.0,105.2,6413000,VHM
2025-08-27 07:00:00,105.3,106.9,102.1,104.6,3023700,VHM
2025-08-28 07:00:00,104.6,106.0,101.8,104.6,3292800,VHM
2025-08-29 07:00:00,104.6,104.8,102.5,104.5,4250800,VHM
2025-09-03 07:00:00,103.1,103.7,101.0,102.7,3215200,VHM
2025-09-04 07:00:00,102.0,102.5,99.2,102.3,5504100,VHM
2025-09-05 07:00:00,100.5,103.5,100.0,100.0,4185500,VHM
2025-09-08 07:00:00,99.0,101.0,98.8,100.0,3227000,VHM
2025-09-09 07:00:00,100.0,101.4,98.8,101.4,2851500,VHM
2025-09-10 07:00:00,101.5,102.4,99.7,101.8,3897900,VHM
2025-09-11 07:00:00,100.9,106.0,100.1,105.9,4046000,VHM
2025-09-12 07:00:00,104.1,106.0,103.0,105.5,2393700,VHM
2025-09-15 07:00:00,104.0,104.7,102.5,104.5,2942600,VHM
2025-09-16 07:00:00,104.7,104.7,102.7,102.7,2008200,VHM
2025-09-17 07:00:00,102.0,104.4,101.2,102.9,3422000,VHM
2025-09-18 07:00:00,104.1,108.2,102.5,103.5,5719900,VHM
2025-09-19 07:00:00,104.0,104.2,99.8,101.7,7550700,VHM
2025-09-22 07:00:00,101.8,103.2,94.6,99.5,10796100,VHM
2025-09-23 07:00:00,98.2,99.1,96.5,98.7,3232500,VHM
2025-09-24 07:00:00,97.8,98.4,95.3,98.0,4722500,VHM
2025-09-25 07:00:00,97.0,99.9,96.1,99.5,4715400,VHM
2025-09-26 07:00:00,99.8,101.5,98.5,99.0,3791000,VHM
2025-09-29 07:00:00,98.9,105.3,97.6,101.9,6464700,VHM
2025-09-30 07:00:00,102.5,105.8,102.1,103.0,4878500,VHM
2025-10-01 07:00:00,103.0,104.5,100.8,101.2,3503500,VHM
2025-10-02 07:00:00,101.2,102.0,98.6,98.6,5821100,VHM
2025-10-03 07:00:00,98.6,100.0,96.0,100.0,4683200,VHM
2025-10-06 07:00:00,103.9,103.9,100.5,102.7,5972800,VHM
2025-10-07 07:00:00,103.0,104.6,102.2,103.1,6428600,VHM
2025-10-08 07:00:00,103.5,107.5,101.2,107.5,8989300,VHM
2025-10-09 07:00:00,108.3,115.0,108.1,115.0,12892200,VHM
2025-10-10 07:00:00,118.0,123.0,116.0,123.0,9026200,VHM
2025-10-13 07:00:00,123.0,126.0,122.1,124.2,12312200,VHM
2025-10-14 07:00:00,124.5,131.5,124.5,127.0,13660200,VHM
2025-10-15 07:00:00,127.5,127.6,122.6,124.0,7059300,VHM
2025-10-16 07:00:00,123.8,123.8,120.4,122.0,9475900,VHM
2025-10-17 07:00:00,122.0,122.0,114.6,116.0,12213500,VHM
2025-10-20 07:00:00,114.0,115.0,108.0,108.0,11634800,VHM
2025-10-21 07:00:00,109.0,115.0,106.9,110.9,8238300,VHM
2025-10-22 07:00:00,112.0,113.0,104.0,113.0,7701600,VHM
2025-10-23 07:00:00,113.0,117.1,111.2,115.0,6383900,VHM
2025-10-24 07:00:00,114.6,116.8,112.5,114.5,5136500,VHM
2025-10-27 07:00:00,115.0,116.0,106.5,106.5,7164300,VHM
2025-10-28 07:00:00,104.2,107.0,99.1,107.0,13561200,VHM
2025-10-29 07:00:00,107.1,107.1,102.7,103.8,3681700,VHM
2025-10-30 07:00:00,103.8,105.0,100.8,104.0,3691300,VHM
2025-10-31 07:00:00,103.8,103.8,99.2,99.2,6461300,VHM
2025-11-03 07:00:00,99.6,101.4,97.8,98.5,5083100,VHM
2025-11-04 07:00:00,98.4,102.0,98.4,100.2,4564100,VHM
2025-11-05 07:00:00,101.2,101.7,99.5,99.6,3054600,VHM
2025-11-06 07:00:00,99.6,101.5,97.6,98.9,4590300,VHM
2025-11-07 07:00:00,97.5,98.0,92.0,92.0,9791200,VHM
2025-11-10 07:00:00,90.2,92.0,86.9,86.9,6349200,VHM
2025-11-11 07:00:00,86.9,91.4,86.9,90.0,8465600,VHM
2025-11-12 07:00:00,90.1,95.0,90.1,94.0,4720500,VHM
2025-11-13 07:00:00,94.5,94.9,91.6,93.3,4292000,VHM
2025-11-14 07:00:00,93.0,93.9,90.5,93.9,3280400,VHM
2025-11-17 07:00:00,94.0,96.3,94.0,95.0,4096000,VHM
2025-11-18 07:00:00,95.7,97.0,94.0,97.0,3666000,VHM
2025-11-19 07:00:00,96.9,96.9,95.3,96.9,3741200,VHM
2025-11-20 07:00:00,96.7,98.4,96.0,97.8,3350300,VHM
2025-11-21 07:00:00,96.1,99.3,96.1,99.3,3947400,VHM
2025-11-24 07:00:00,99.3,104.0,98.7,102.7,6062300,VHM
2025-11-25 07:00:00,103.4,104.0,101.2,102.6,4457800,VHM
2025-11-26 07:00:00,102.8,102.9,100.1,102.1,4375200,VHM
2025-11-27 07:00:00,102.5,103.6,101.3,102.5,3140200,VHM
2025-11-28 07:00:00,102.0,103.3,101.3,102.9,3434700,VHM
2025-12-01 07:00:00,104.0,107.3,103.0,105.7,5879600,VHM
2025-12-02 07:00:00,105.9,106.8,103.6,106.8,4533700,VHM
2025-12-03 07:00:00,106.9,107.0,104.8,106.8,4477200,VHM
2025-12-04 07:00:00,106.2,106.2,104.2,105.2,4584800,VHM
2025-12-05 07:00:00,105.0,108.5,104.8,107.0,5143500,VHM
2025-12-08 07:00:00,107.0,110.0,106.0,110.0,4603000,VHM
2025-12-09 07:00:00,110.8,111.4,104.7,107.5,7599600,VHM
2025-12-10 07:00:00,107.0,107.0,100.2,103.5,7908400,VHM
2025-12-11 07:00:00,101.8,103.3,101.1,101.1,3117200,VHM
2025-12-12 07:00:00,101.0,101.0,94.1,94.1,6638700,VHM
2025-12-15 07:00:00,94.8,96.0,91.1,92.5,5413200,VHM
2025-12-16 07:00:00,91.3,95.7,90.5,95.0,5672700,VHM
2025-12-17 07:00:00,94.9,95.3,92.7,94.9,3306500,VHM
2025-12-18 07:00:00,94.9,95.0,93.5,94.9,3362700,VHM
2025-12-19 07:00:00,95.3,101.5,95.1,101.5,5348700,VHM
2025-12-22 07:00:00,104.0,107.4,102.2,107.4,4779100,VHM
2025-12-23 07:00:00,108.5,114.9,107.6,114.9,7781700,VHM
2025-12-24 07:00:00,117.3,122.9,114.5,122.8,9949600,VHM
2025-12-25 07:00:00,124.0,131.3,114.3,114.3,10699900,VHM
2025-12-26 07:00:00,106.3,111.0,106.3,110.0,16551200,VHM
2025-12-29 07:00:00,111.9,117.7,111.0,117.7,7324300,VHM
2025-12-30 07:00:00,120.0,120.6,113.0,117.5,6669000,VHM
2025-12-31 07:00:00,117.5,125.7,115.8,124.0,6830500,VHM
2026-01-05 07:00:00,126.8,132.6,125.2,132.6,10136200,VHM
2026-01-06 07:00:00,138.5,141.8,136.5,141.8,8459900,VHM
2026-01-07 07:00:00,150.0,150.9,141.0,149.5,9511500,VHM
2026-01-08 07:00:00,150.3,150.9,139.1,139.1,15234400,VHM
2026-01-09 07:00:00,138.6,142.8,132.6,140.0,9789300,VHM
2026-01-12 07:00:00,139.0,139.0,130.2,130.2,9143600,VHM
2026-01-13 07:00:00,125.7,134.9,125.7,134.0,9148500,VHM
2026-01-14 07:00:00,134.9,134.9,124.7,126.3,11385300,VHM
2026-01-15 07:00:00,124.0,124.0,117.5,120.0,19255700,VHM
2026-01-16 07:00:00,121.1,126.8,121.1,124.1,5774400,VHM
2026-01-19 07:00:00,126.9,126.9,120.5,125.0,5284700,VHM
2026-01-20 07:00:00,124.1,124.5,119.7,123.0,7006400,VHM
2026-01-21 07:00:00,121.0,126.0,120.3,122.9,9321600,VHM
2026-01-22 07:00:00,120.1,122.9,118.5,120.5,7971100,VHM
2026-01-23 07:00:00,122.1,127.5,121.1,122.5,7272600,VHM
2026-01-26 07:00:00,124.0,124.1,116.1,118.9,4159000,VHM
2026-01-27 07:00:00,117.5,118.0,110.6,110.6,10162000,VHM
2026-01-28 07:00:00,108.1,109.0,102.9,104.3,15508700,VHM
2026-01-29 07:00:00,104.5,107.4,104.1,107.0,6368800,VHM
2026-01-30 07:00:00,107.0,107.4,104.0,106.0,4714200,VHM
2026-02-02 07:00:00,107.1,107.3,98.6,98.6,9144500,VHM
2026-02-03 07:00:00,96.1,102.0,95.5,97.3,9348800,VHM
2026-02-04 07:00:00,97.5,98.0,90.8,91.3,13582800,VHM
2026-02-05 07:00:00,91.2,97.6,91.2,97.6,9429200,VHM
2026-02-06 07:00:00,97.6,101.8,95.1,97.5,8492200,VHM
2026-02-09 07:00:00,97.9,97.9,93.1,95.0,4463200,VHM
2026-02-10 07:00:00,94.6,101.6,94.0,101.3,8656800,VHM
2026-02-11 07:00:00,102.5,104.5,102.4,103.0,6203200,VHM
2026-02-12 07:00:00,103.6,109.3,102.1,109.0,6584900,VHM
2026-02-13 07:00:00,109.7,109.8,105.3,109.0,6244700,VHM
2026-02-23 07:00:00,109.1,111.4,108.0,110.7,3679400,VHM
2026-02-24 07:00:00,110.5,111.0,107.1,111.0,4723800,VHM
2026-02-25 07:00:00,110.6,110.6,106.4,107.0,5547800,VHM
2026-02-26 07:00:00,106.0,112.9,105.6,107.6,6157600,VHM
2026-02-27 07:00:00,108.0,109.5,104.6,108.0,4915000,VHM
2026-03-02 07:00:00,102.5,105.1,100.5,100.5,6578000,VHM
2026-03-03 07:00:00,97.1,99.8,93.5,93.5,11710100,VHM
2026-03-04 07:00:00,91.4,94.9,87.0,93.5,12722700,VHM
2026-03-05 07:00:00,95.4,99.0,93.3,95.0,8978700,VHM
2026-03-06 07:00:00,95.0,96.5,93.0,95.0,6979200,VHM
2026-03-09 07:00:00,88.5,91.1,88.4,88.4,17232900,VHM
2026-03-10 07:00:00,90.3,92.9,88.3,89.8,5665600,VHM
2026-03-11 07:00:00,89.2,95.9,89.2,95.9,6734300,VHM
2026-03-12 07:00:00,93.7,95.9,93.5,95.9,4137400,VHM
2026-03-13 07:00:00,94.5,98.0,93.9,98.0,3989100,VHM
2026-03-16 07:00:00,98.0,102.4,96.9,100.0,4947300,VHM
2026-03-17 07:00:00,101.9,104.4,100.8,102.0,4359000,VHM
2026-03-18 07:00:00,102.2,105.5,101.5,102.0,4511300,VHM
2026-03-19 07:00:00,101.9,103.5,100.5,102.3,4596600,VHM
2026-03-20 07:00:00,102.0,102.0,97.0,100.0,6142200,VHM
2026-03-23 07:00:00,99.0,99.0,93.0,98.0,6595700,VHM
2026-03-24 07:00:00,99.4,99.6,96.5,99.0,2699500,VHM
2026-03-25 07:00:00,100.9,104.2,99.2,104.2,4327400,VHM
2026-03-26 07:00:00,104.3,104.3,101.1,101.1,2742600,VHM
2026-03-27 07:00:00,102.0,103.5,100.2,103.0,2547500,VHM
2026-03-30 07:00:00,100.8,103.6,100.2,103.0,2582200,VHM
2026-03-31 07:00:00,102.4,103.8,102.0,103.0,1487400,VHM
2026-04-01 07:00:00,110.2,110.2,110.2,110.2,2031500,VHM
2026-04-02 07:00:00,117.9,117.9,116.1,117.9,16320300,VHM
2026-04-03 07:00:00,120.8,125.0,117.8,119.2,6023000,VHM
2026-04-06 07:00:00,118.0,120.7,116.0,117.0,3208900,VHM
2026-04-07 07:00:00,117.0,118.0,113.5,115.0,3160700,VHM
2026-04-08 07:00:00,117.9,123.0,117.6,123.0,5534000,VHM
2026-04-09 07:00:00,123.5,127.5,121.9,122.0,5205200,VHM
2026-04-10 07:00:00,124.0,124.0,120.6,121.1,2500900,VHM
2026-04-13 07:00:00,119.1,124.2,118.2,122.9,3679400,VHM
2026-04-14 07:00:00,125.1,128.9,122.9,128.9,5575500,VHM
2026-04-15 07:00:00,130.3,137.9,129.3,137.0,6586300,VHM
